project,file_path,path_depth,lines_valid,lines_covered,line_rate,branches_valid,branches_covered,branch_rate,coverage_density,branch_to_line_ratio,num_functions,num_classes,num_imports,num_conditionals,num_loops,num_try_except
django,D:\coverage_ml\repos\django\django\__init__.py,5,12,12,1.0,1,1,1.0,1.0,0.08333333333333333,1,0,5,1,0,0
django,D:\coverage_ml\repos\django\django\__main__.py,5,3,3,1.0,1,1,1.0,1.0,0.3333333333333333,0,0,1,1,0,0
django,D:\coverage_ml\repos\django\django\shortcuts.py,5,66,66,1.0,12,12,1.0,1.0,0.18181818181818182,6,0,5,12,0,3
django,D:\coverage_ml\repos\django\django\apps\__init__.py,6,3,3,1.0,0,0,0.0,1.0,0.0,0,0,2,0,0,0
django,D:\coverage_ml\repos\django\django\apps\config.py,6,117,117,1.0,24,24,1.0,1.0,0.20512820512820512,10,1,7,23,1,5
django,D:\coverage_ml\repos\django\django\apps\registry.py,6,177,172,0.9717514124293786,36,36,1.0,0.9717514124293786,0.2033898305084746,21,1,9,26,10,2
django,D:\coverage_ml\repos\django\django\conf\__init__.py,6,124,114,0.9193548387096774,20,18,0.9,0.9193548387096774,0.16129032258064516,21,4,11,17,3,0
django,D:\coverage_ml\repos\django\django\conf\global_settings.py,6,150,150,1.0,0,0,0.0,1.0,0.0,1,0,0,0,0,0
django,D:\coverage_ml\repos\django\django\conf\locale\__init__.py,7,1,1,1.0,0,0,0.0,1.0,0.0,0,0,0,0,0,0
django,D:\coverage_ml\repos\django\django\conf\locale\ar\__init__.py,8,0,0,0.0,0,0,0.0,0.0,0.0,0,0,0,0,0,0
django,D:\coverage_ml\repos\django\django\conf\locale\ar\formats.py,8,7,7,1.0,0,0,0.0,1.0,0.0,0,0,0,0,0,0
django,D:\coverage_ml\repos\django\django\conf\locale\ar_DZ\__init__.py,8,0,0,0.0,0,0,0.0,0.0,0.0,0,0,0,0,0,0
django,D:\coverage_ml\repos\django\django\conf\locale\ar_DZ\formats.py,8,14,14,1.0,0,0,0.0,1.0,0.0,0,0,0,0,0,0
django,D:\coverage_ml\repos\django\django\conf\locale\az\__init__.py,8,0,0,0.0,0,0,0.0,0.0,0.0,0,0,0,0,0,0
django,D:\coverage_ml\repos\django\django\conf\locale\az\formats.py,8,13,13,1.0,0,0,0.0,1.0,0.0,0,0,0,0,0,0
django,D:\coverage_ml\repos\django\django\conf\locale\bg\__init__.py,8,0,0,0.0,0,0,0.0,0.0,0.0,0,0,0,0,0,0
django,D:\coverage_ml\repos\django\django\conf\locale\bg\formats.py,8,6,6,1.0,0,0,0.0,1.0,0.0,0,0,0,0,0,0
django,D:\coverage_ml\repos\django\django\conf\locale\bn\__init__.py,8,0,0,0.0,0,0,0.0,0.0,0.0,0,0,0,0,0,0
django,D:\coverage_ml\repos\django\django\conf\locale\bn\formats.py,8,11,11,1.0,0,0,0.0,1.0,0.0,0,0,0,0,0,0
django,D:\coverage_ml\repos\django\django\conf\locale\bs\__init__.py,8,0,0,0.0,0,0,0.0,0.0,0.0,0,0,0,0,0,0
django,D:\coverage_ml\repos\django\django\conf\locale\bs\formats.py,8,8,8,1.0,0,0,0.0,1.0,0.0,0,0,0,0,0,0
django,D:\coverage_ml\repos\django\django\conf\locale\ca\__init__.py,8,0,0,0.0,0,0,0.0,0.0,0.0,0,0,0,0,0,0
django,D:\coverage_ml\repos\django\django\conf\locale\ca\formats.py,8,13,13,1.0,0,0,0.0,1.0,0.0,0,0,0,0,0,0
django,D:\coverage_ml\repos\django\django\conf\locale\ckb\__init__.py,8,0,0,0.0,0,0,0.0,0.0,0.0,0,0,0,0,0,0
django,D:\coverage_ml\repos\django\django\conf\locale\ckb\formats.py,8,10,10,1.0,0,0,0.0,1.0,0.0,0,0,0,0,0,0
django,D:\coverage_ml\repos\django\django\conf\locale\cs\__init__.py,8,0,0,0.0,0,0,0.0,0.0,0.0,0,0,0,0,0,0
django,D:\coverage_ml\repos\django\django\conf\locale\cs\formats.py,8,14,14,1.0,0,0,0.0,1.0,0.0,0,0,0,0,0,0
django,D:\coverage_ml\repos\django\django\conf\locale\cy\__init__.py,8,0,0,0.0,0,0,0.0,0.0,0.0,0,0,0,0,0,0
django,D:\coverage_ml\repos\django\django\conf\locale\cy\formats.py,8,13,13,1.0,0,0,0.0,1.0,0.0,0,0,0,0,0,0
django,D:\coverage_ml\repos\django\django\conf\locale\da\__init__.py,8,0,0,0.0,0,0,0.0,0.0,0.0,0,0,0,0,0,0
django,D:\coverage_ml\repos\django\django\conf\locale\da\formats.py,8,13,13,1.0,0,0,0.0,1.0,0.0,0,0,0,0,0,0
django,D:\coverage_ml\repos\django\django\conf\locale\de\__init__.py,8,0,0,0.0,0,0,0.0,0.0,0.0,0,0,0,0,0,0
django,D:\coverage_ml\repos\django\django\conf\locale\de\formats.py,8,13,13,1.0,0,0,0.0,1.0,0.0,0,0,0,0,0,0
django,D:\coverage_ml\repos\django\django\conf\locale\de_CH\__init__.py,8,0,0,0.0,0,0,0.0,0.0,0.0,0,0,0,0,0,0
django,D:\coverage_ml\repos\django\django\conf\locale\de_CH\formats.py,8,13,0,0.0,0,0,0.0,0.0,0.0,0,0,0,0,0,0
django,D:\coverage_ml\repos\django\django\conf\locale\el\__init__.py,8,0,0,0.0,0,0,0.0,0.0,0.0,0,0,0,0,0,0
django,D:\coverage_ml\repos\django\django\conf\locale\el\formats.py,8,13,13,1.0,0,0,0.0,1.0,0.0,0,0,0,0,0,0
django,D:\coverage_ml\repos\django\django\conf\locale\en\__init__.py,8,0,0,0.0,0,0,0.0,0.0,0.0,0,0,0,0,0,0
django,D:\coverage_ml\repos\django\django\conf\locale\en\formats.py,8,14,14,1.0,0,0,0.0,1.0,0.0,0,0,0,0,0,0
django,D:\coverage_ml\repos\django\django\conf\locale\en_AU\__init__.py,8,0,0,0.0,0,0,0.0,0.0,0.0,0,0,0,0,0,0
django,D:\coverage_ml\repos\django\django\conf\locale\en_AU\formats.py,8,13,13,1.0,0,0,0.0,1.0,0.0,0,0,0,0,0,0
django,D:\coverage_ml\repos\django\django\conf\locale\en_CA\__init__.py,8,0,0,0.0,0,0,0.0,0.0,0.0,0,0,0,0,0,0
django,D:\coverage_ml\repos\django\django\conf\locale\en_CA\formats.py,8,13,0,0.0,0,0,0.0,0.0,0.0,0,0,0,0,0,0
django,D:\coverage_ml\repos\django\django\conf\locale\en_GB\__init__.py,8,0,0,0.0,0,0,0.0,0.0,0.0,0,0,0,0,0,0
django,D:\coverage_ml\repos\django\django\conf\locale\en_GB\formats.py,8,13,13,1.0,0,0,0.0,1.0,0.0,0,0,0,0,0,0
django,D:\coverage_ml\repos\django\django\conf\locale\en_IE\__init__.py,8,0,0,0.0,0,0,0.0,0.0,0.0,0,0,0,0,0,0
django,D:\coverage_ml\repos\django\django\conf\locale\en_IE\formats.py,8,13,0,0.0,0,0,0.0,0.0,0.0,0,0,0,0,0,0
django,D:\coverage_ml\repos\django\django\conf\locale\eo\__init__.py,8,0,0,0.0,0,0,0.0,0.0,0.0,0,0,0,0,0,0
django,D:\coverage_ml\repos\django\django\conf\locale\eo\formats.py,8,14,14,1.0,0,0,0.0,1.0,0.0,0,0,0,0,0,0
django,D:\coverage_ml\repos\django\django\conf\locale\es\__init__.py,8,0,0,0.0,0,0,0.0,0.0,0.0,0,0,0,0,0,0
django,D:\coverage_ml\repos\django\django\conf\locale\es\formats.py,8,13,13,1.0,0,0,0.0,1.0,0.0,0,0,0,0,0,0
django,D:\coverage_ml\repos\django\django\conf\locale\es_AR\__init__.py,8,0,0,0.0,0,0,0.0,0.0,0.0,0,0,0,0,0,0
django,D:\coverage_ml\repos\django\django\conf\locale\es_AR\formats.py,8,13,13,1.0,0,0,0.0,1.0,0.0,0,0,0,0,0,0
django,D:\coverage_ml\repos\django\django\conf\locale\es_CO\__init__.py,8,0,0,0.0,0,0,0.0,0.0,0.0,0,0,0,0,0,0
django,D:\coverage_ml\repos\django\django\conf\locale\es_CO\formats.py,8,13,13,1.0,0,0,0.0,1.0,0.0,0,0,0,0,0,0
django,D:\coverage_ml\repos\django\django\conf\locale\es_MX\__init__.py,8,0,0,0.0,0,0,0.0,0.0,0.0,0,0,0,0,0,0
django,D:\coverage_ml\repos\django\django\conf\locale\es_MX\formats.py,8,13,13,1.0,0,0,0.0,1.0,0.0,0,0,0,0,0,0
django,D:\coverage_ml\repos\django\django\conf\locale\es_NI\__init__.py,8,0,0,0.0,0,0,0.0,0.0,0.0,0,0,0,0,0,0
django,D:\coverage_ml\repos\django\django\conf\locale\es_NI\formats.py,8,13,13,1.0,0,0,0.0,1.0,0.0,0,0,0,0,0,0
django,D:\coverage_ml\repos\django\django\conf\locale\es_PR\__init__.py,8,0,0,0.0,0,0,0.0,0.0,0.0,0,0,0,0,0,0
django,D:\coverage_ml\repos\django\django\conf\locale\es_PR\formats.py,8,13,0,0.0,0,0,0.0,0.0,0.0,0,0,0,0,0,0
django,D:\coverage_ml\repos\django\django\conf\locale\et\__init__.py,8,0,0,0.0,0,0,0.0,0.0,0.0,0,0,0,0,0,0
django,D:\coverage_ml\repos\django\django\conf\locale\et\formats.py,8,6,6,1.0,0,0,0.0,1.0,0.0,0,0,0,0,0,0
django,D:\coverage_ml\repos\django\django\conf\locale\eu\__init__.py,8,0,0,0.0,0,0,0.0,0.0,0.0,0,0,0,0,0,0
django,D:\coverage_ml\repos\django\django\conf\locale\eu\formats.py,8,11,11,1.0,0,0,0.0,1.0,0.0,0,0,0,0,0,0
django,D:\coverage_ml\repos\django\django\conf\locale\fa\__init__.py,8,0,0,0.0,0,0,0.0,0.0,0.0,0,0,0,0,0,0
django,D:\coverage_ml\repos\django\django\conf\locale\fa\formats.py,8,10,10,1.0,0,0,0.0,1.0,0.0,0,0,0,0,0,0
django,D:\coverage_ml\repos\django\django\conf\locale\fi\__init__.py,8,0,0,0.0,0,0,0.0,0.0,0.0,0,0,0,0,0,0
django,D:\coverage_ml\repos\django\django\conf\locale\fi\formats.py,8,14,14,1.0,0,0,0.0,1.0,0.0,0,0,0,0,0,0
django,D:\coverage_ml\repos\django\django\conf\locale\fr\__init__.py,8,0,0,0.0,0,0,0.0,0.0,0.0,0,0,0,0,0,0
django,D:\coverage_ml\repos\django\django\conf\locale\fr\formats.py,8,13,13,1.0,0,0,0.0,1.0,0.0,0,0,0,0,0,0
django,D:\coverage_ml\repos\django\django\conf\locale\fr_BE\__init__.py,8,0,0,0.0,0,0,0.0,0.0,0.0,0,0,0,0,0,0
django,D:\coverage_ml\repos\django\django\conf\locale\fr_BE\formats.py,8,13,0,0.0,0,0,0.0,0.0,0.0,0,0,0,0,0,0
django,D:\coverage_ml\repos\django\django\conf\locale\fr_CA\__init__.py,8,0,0,0.0,0,0,0.0,0.0,0.0,0,0,0,0,0,0
django,D:\coverage_ml\repos\django\django\conf\locale\fr_CA\formats.py,8,13,13,1.0,0,0,0.0,1.0,0.0,0,0,0,0,0,0
django,D:\coverage_ml\repos\django\django\conf\locale\fr_CH\__init__.py,8,0,0,0.0,0,0,0.0,0.0,0.0,0,0,0,0,0,0
django,D:\coverage_ml\repos\django\django\conf\locale\fr_CH\formats.py,8,13,0,0.0,0,0,0.0,0.0,0.0,0,0,0,0,0,0
django,D:\coverage_ml\repos\django\django\conf\locale\fy\__init__.py,8,0,0,0.0,0,0,0.0,0.0,0.0,0,0,0,0,0,0
django,D:\coverage_ml\repos\django\django\conf\locale\fy\formats.py,8,0,0,0.0,0,0,0.0,0.0,0.0,0,0,0,0,0,0
django,D:\coverage_ml\repos\django\django\conf\locale\ga\__init__.py,8,0,0,0.0,0,0,0.0,0.0,0.0,0,0,0,0,0,0
django,D:\coverage_ml\repos\django\django\conf\locale\ga\formats.py,8,6,6,1.0,0,0,0.0,1.0,0.0,0,0,0,0,0,0
django,D:\coverage_ml\repos\django\django\conf\locale\gd\__init__.py,8,0,0,0.0,0,0,0.0,0.0,0.0,0,0,0,0,0,0
django,D:\coverage_ml\repos\django\django\conf\locale\gd\formats.py,8,9,9,1.0,0,0,0.0,1.0,0.0,0,0,0,0,0,0
django,D:\coverage_ml\repos\django\django\conf\locale\gl\__init__.py,8,0,0,0.0,0,0,0.0,0.0,0.0,0,0,0,0,0,0
django,D:\coverage_ml\repos\django\django\conf\locale\gl\formats.py,8,10,10,1.0,0,0,0.0,1.0,0.0,0,0,0,0,0,0
django,D:\coverage_ml\repos\django\django\conf\locale\he\__init__.py,8,0,0,0.0,0,0,0.0,0.0,0.0,0,0,0,0,0,0
django,D:\coverage_ml\repos\django\django\conf\locale\he\formats.py,8,9,9,1.0,0,0,0.0,1.0,0.0,0,0,0,0,0,0
django,D:\coverage_ml\repos\django\django\conf\locale\hi\__init__.py,8,0,0,0.0,0,0,0.0,0.0,0.0,0,0,0,0,0,0
django,D:\coverage_ml\repos\django\django\conf\locale\hi\formats.py,8,6,6,1.0,0,0,0.0,1.0,0.0,0,0,0,0,0,0
django,D:\coverage_ml\repos\django\django\conf\locale\hr\__init__.py,8,0,0,0.0,0,0,0.0,0.0,0.0,0,0,0,0,0,0
django,D:\coverage_ml\repos\django\django\conf\locale\hr\formats.py,8,13,13,1.0,0,0,0.0,1.0,0.0,0,0,0,0,0,0
django,D:\coverage_ml\repos\django\django\conf\locale\ht\__init__.py,8,0,0,0.0,0,0,0.0,0.0,0.0,0,0,0,0,0,0
django,D:\coverage_ml\repos\django\django\conf\locale\ht\formats.py,8,14,0,0.0,0,0,0.0,0.0,0.0,0,0,0,0,0,0
django,D:\coverage_ml\repos\django\django\conf\locale\hu\__init__.py,8,0,0,0.0,0,0,0.0,0.0,0.0,0,0,0,0,0,0
django,D:\coverage_ml\repos\django\django\conf\locale\hu\formats.py,8,14,14,1.0,0,0,0.0,1.0,0.0,0,0,0,0,0,0
django,D:\coverage_ml\repos\django\django\conf\locale\id\__init__.py,8,0,0,0.0,0,0,0.0,0.0,0.0,0,0,0,0,0,0
django,D:\coverage_ml\repos\django\django\conf\locale\id\formats.py,8,14,14,1.0,0,0,0.0,1.0,0.0,0,0,0,0,0,0
django,D:\coverage_ml\repos\django\django\conf\locale\ig\__init__.py,8,0,0,0.0,0,0,0.0,0.0,0.0,0,0,0,0,0,0
django,D:\coverage_ml\repos\django\django\conf\locale\ig\formats.py,8,13,13,1.0,0,0,0.0,1.0,0.0,0,0,0,0,0,0
django,D:\coverage_ml\repos\django\django\conf\locale\is\__init__.py,8,0,0,0.0,0,0,0.0,0.0,0.0,0,0,0,0,0,0
django,D:\coverage_ml\repos\django\django\conf\locale\is\formats.py,8,8,8,1.0,0,0,0.0,1.0,0.0,0,0,0,0,0,0
django,D:\coverage_ml\repos\django\django\conf\locale\it\__init__.py,8,0,0,0.0,0,0,0.0,0.0,0.0,0,0,0,0,0,0
django,D:\coverage_ml\repos\django\django\conf\locale\it\formats.py,8,13,13,1.0,0,0,0.0,1.0,0.0,0,0,0,0,0,0
django,D:\coverage_ml\repos\django\django\conf\locale\ja\__init__.py,8,0,0,0.0,0,0,0.0,0.0,0.0,0,0,0,0,0,0
django,D:\coverage_ml\repos\django\django\conf\locale\ja\formats.py,8,10,10,1.0,0,0,0.0,1.0,0.0,0,0,0,0,0,0
django,D:\coverage_ml\repos\django\django\conf\locale\ka\__init__.py,8,0,0,0.0,0,0,0.0,0.0,0.0,0,0,0,0,0,0
django,D:\coverage_ml\repos\django\django\conf\locale\ka\formats.py,8,13,13,1.0,0,0,0.0,1.0,0.0,0,0,0,0,0,0
django,D:\coverage_ml\repos\django\django\conf\locale\km\__init__.py,8,0,0,0.0,0,0,0.0,0.0,0.0,0,0,0,0,0,0
django,D:\coverage_ml\repos\django\django\conf\locale\km\formats.py,8,8,8,1.0,0,0,0.0,1.0,0.0,0,0,0,0,0,0
django,D:\coverage_ml\repos\django\django\conf\locale\kn\__init__.py,8,0,0,0.0,0,0,0.0,0.0,0.0,0,0,0,0,0,0
django,D:\coverage_ml\repos\django\django\conf\locale\kn\formats.py,8,4,4,1.0,0,0,0.0,1.0,0.0,0,0,0,0,0,0
django,D:\coverage_ml\repos\django\django\conf\locale\ko\__init__.py,8,0,0,0.0,0,0,0.0,0.0,0.0,0,0,0,0,0,0
django,D:\coverage_ml\repos\django\django\conf\locale\ko\formats.py,8,13,13,1.0,0,0,0.0,1.0,0.0,0,0,0,0,0,0
django,D:\coverage_ml\repos\django\django\conf\locale\ky\__init__.py,8,0,0,0.0,0,0,0.0,0.0,0.0,0,0,0,0,0,0
django,D:\coverage_ml\repos\django\django\conf\locale\ky\formats.py,8,13,13,1.0,0,0,0.0,1.0,0.0,0,0,0,0,0,0
django,D:\coverage_ml\repos\django\django\conf\locale\lt\__init__.py,8,0,0,0.0,0,0,0.0,0.0,0.0,0,0,0,0,0,0
django,D:\coverage_ml\repos\django\django\conf\locale\lt\formats.py,8,14,14,1.0,0,0,0.0,1.0,0.0,0,0,0,0,0,0
django,D:\coverage_ml\repos\django\django\conf\locale\lv\__init__.py,8,0,0,0.0,0,0,0.0,0.0,0.0,0,0,0,0,0,0
django,D:\coverage_ml\repos\django\django\conf\locale\lv\formats.py,8,14,14,1.0,0,0,0.0,1.0,0.0,0,0,0,0,0,0
django,D:\coverage_ml\repos\django\django\conf\locale\mk\__init__.py,8,0,0,0.0,0,0,0.0,0.0,0.0,0,0,0,0,0,0
django,D:\coverage_ml\repos\django\django\conf\locale\mk\formats.py,8,13,13,1.0,0,0,0.0,1.0,0.0,0,0,0,0,0,0
django,D:\coverage_ml\repos\django\django\conf\locale\ml\__init__.py,8,0,0,0.0,0,0,0.0,0.0,0.0,0,0,0,0,0,0
django,D:\coverage_ml\repos\django\django\conf\locale\ml\formats.py,8,13,13,1.0,0,0,0.0,1.0,0.0,0,0,0,0,0,0
django,D:\coverage_ml\repos\django\django\conf\locale\mn\__init__.py,8,0,0,0.0,0,0,0.0,0.0,0.0,0,0,0,0,0,0
django,D:\coverage_ml\repos\django\django\conf\locale\mn\formats.py,8,3,3,1.0,0,0,0.0,1.0,0.0,0,0,0,0,0,0
django,D:\coverage_ml\repos\django\django\conf\locale\ms\__init__.py,8,0,0,0.0,0,0,0.0,0.0,0.0,0,0,0,0,0,0
django,D:\coverage_ml\repos\django\django\conf\locale\ms\formats.py,8,13,13,1.0,0,0,0.0,1.0,0.0,0,0,0,0,0,0
django,D:\coverage_ml\repos\django\django\conf\locale\nb\__init__.py,8,0,0,0.0,0,0,0.0,0.0,0.0,0,0,0,0,0,0
django,D:\coverage_ml\repos\django\django\conf\locale\nb\formats.py,8,13,13,1.0,0,0,0.0,1.0,0.0,0,0,0,0,0,0
django,D:\coverage_ml\repos\django\django\conf\locale\nl\__init__.py,8,0,0,0.0,0,0,0.0,0.0,0.0,0,0,0,0,0,0
django,D:\coverage_ml\repos\django\django\conf\locale\nl\formats.py,8,14,14,1.0,0,0,0.0,1.0,0.0,0,0,0,0,0,0
django,D:\coverage_ml\repos\django\django\conf\locale\nn\__init__.py,8,0,0,0.0,0,0,0.0,0.0,0.0,0,0,0,0,0,0
django,D:\coverage_ml\repos\django\django\conf\locale\nn\formats.py,8,13,13,1.0,0,0,0.0,1.0,0.0,0,0,0,0,0,0
django,D:\coverage_ml\repos\django\django\conf\locale\pl\__init__.py,8,0,0,0.0,0,0,0.0,0.0,0.0,0,0,0,0,0,0
django,D:\coverage_ml\repos\django\django\conf\locale\pl\formats.py,8,13,13,1.0,0,0,0.0,1.0,0.0,0,0,0,0,0,0
django,D:\coverage_ml\repos\django\django\conf\locale\pt\__init__.py,8,0,0,0.0,0,0,0.0,0.0,0.0,0,0,0,0,0,0
django,D:\coverage_ml\repos\django\django\conf\locale\pt\formats.py,8,13,13,1.0,0,0,0.0,1.0,0.0,0,0,0,0,0,0
django,D:\coverage_ml\repos\django\django\conf\locale\pt_BR\__init__.py,8,0,0,0.0,0,0,0.0,0.0,0.0,0,0,0,0,0,0
django,D:\coverage_ml\repos\django\django\conf\locale\pt_BR\formats.py,8,13,13,1.0,0,0,0.0,1.0,0.0,0,0,0,0,0,0
django,D:\coverage_ml\repos\django\django\conf\locale\ro\__init__.py,8,0,0,0.0,0,0,0.0,0.0,0.0,0,0,0,0,0,0
django,D:\coverage_ml\repos\django\django\conf\locale\ro\formats.py,8,14,14,1.0,0,0,0.0,1.0,0.0,0,0,0,0,0,0
django,D:\coverage_ml\repos\django\django\conf\locale\ru\__init__.py,8,0,0,0.0,0,0,0.0,0.0,0.0,0,0,0,0,0,0
django,D:\coverage_ml\repos\django\django\conf\locale\ru\formats.py,8,13,13,1.0,0,0,0.0,1.0,0.0,0,0,0,0,0,0
django,D:\coverage_ml\repos\django\django\conf\locale\sk\__init__.py,8,0,0,0.0,0,0,0.0,0.0,0.0,0,0,0,0,0,0
django,D:\coverage_ml\repos\django\django\conf\locale\sk\formats.py,8,13,13,1.0,0,0,0.0,1.0,0.0,0,0,0,0,0,0
django,D:\coverage_ml\repos\django\django\conf\locale\sl\__init__.py,8,0,0,0.0,0,0,0.0,0.0,0.0,0,0,0,0,0,0
django,D:\coverage_ml\repos\django\django\conf\locale\sl\formats.py,8,13,13,1.0,0,0,0.0,1.0,0.0,0,0,0,0,0,0
django,D:\coverage_ml\repos\django\django\conf\locale\sq\__init__.py,8,0,0,0.0,0,0,0.0,0.0,0.0,0,0,0,0,0,0
django,D:\coverage_ml\repos\django\django\conf\locale\sq\formats.py,8,7,7,1.0,0,0,0.0,1.0,0.0,0,0,0,0,0,0
django,D:\coverage_ml\repos\django\django\conf\locale\sr\__init__.py,8,0,0,0.0,0,0,0.0,0.0,0.0,0,0,0,0,0,0
django,D:\coverage_ml\repos\django\django\conf\locale\sr\formats.py,8,13,13,1.0,0,0,0.0,1.0,0.0,0,0,0,0,0,0
django,D:\coverage_ml\repos\django\django\conf\locale\sr_Latn\__init__.py,8,0,0,0.0,0,0,0.0,0.0,0.0,0,0,0,0,0,0
django,D:\coverage_ml\repos\django\django\conf\locale\sr_Latn\formats.py,8,13,13,1.0,0,0,0.0,1.0,0.0,0,0,0,0,0,0
django,D:\coverage_ml\repos\django\django\conf\locale\sv\__init__.py,8,0,0,0.0,0,0,0.0,0.0,0.0,0,0,0,0,0,0
django,D:\coverage_ml\repos\django\django\conf\locale\sv\formats.py,8,13,13,1.0,0,0,0.0,1.0,0.0,0,0,0,0,0,0
django,D:\coverage_ml\repos\django\django\conf\locale\ta\__init__.py,8,0,0,0.0,0,0,0.0,0.0,0.0,0,0,0,0,0,0
django,D:\coverage_ml\repos\django\django\conf\locale\ta\formats.py,8,4,4,1.0,0,0,0.0,1.0,0.0,0,0,0,0,0,0
django,D:\coverage_ml\repos\django\django\conf\locale\te\__init__.py,8,0,0,0.0,0,0,0.0,0.0,0.0,0,0,0,0,0,0
django,D:\coverage_ml\repos\django\django\conf\locale\te\formats.py,8,4,4,1.0,0,0,0.0,1.0,0.0,0,0,0,0,0,0
django,D:\coverage_ml\repos\django\django\conf\locale\tg\__init__.py,8,0,0,0.0,0,0,0.0,0.0,0.0,0,0,0,0,0,0
django,D:\coverage_ml\repos\django\django\conf\locale\tg\formats.py,8,13,13,1.0,0,0,0.0,1.0,0.0,0,0,0,0,0,0
django,D:\coverage_ml\repos\django\django\conf\locale\th\__init__.py,8,0,0,0.0,0,0,0.0,0.0,0.0,0,0,0,0,0,0
django,D:\coverage_ml\repos\django\django\conf\locale\th\formats.py,8,14,14,1.0,0,0,0.0,1.0,0.0,0,0,0,0,0,0
django,D:\coverage_ml\repos\django\django\conf\locale\tk\__init__.py,8,0,0,0.0,0,0,0.0,0.0,0.0,0,0,0,0,0,0
django,D:\coverage_ml\repos\django\django\conf\locale\tk\formats.py,8,13,13,1.0,0,0,0.0,1.0,0.0,0,0,0,0,0,0
django,D:\coverage_ml\repos\django\django\conf\locale\tr\__init__.py,8,0,0,0.0,0,0,0.0,0.0,0.0,0,0,0,0,0,0
django,D:\coverage_ml\repos\django\django\conf\locale\tr\formats.py,8,13,13,1.0,0,0,0.0,1.0,0.0,0,0,0,0,0,0
django,D:\coverage_ml\repos\django\django\conf\locale\ug\__init__.py,8,0,0,0.0,0,0,0.0,0.0,0.0,0,0,0,0,0,0
django,D:\coverage_ml\repos\django\django\conf\locale\ug\formats.py,8,10,10,1.0,0,0,0.0,1.0,0.0,0,0,0,0,0,0
django,D:\coverage_ml\repos\django\django\conf\locale\uk\__init__.py,8,0,0,0.0,0,0,0.0,0.0,0.0,0,0,0,0,0,0
django,D:\coverage_ml\repos\django\django\conf\locale\uk\formats.py,8,14,14,1.0,0,0,0.0,1.0,0.0,0,0,0,0,0,0
django,D:\coverage_ml\repos\django\django\conf\locale\uz\__init__.py,8,0,0,0.0,0,0,0.0,0.0,0.0,0,0,0,0,0,0
django,D:\coverage_ml\repos\django\django\conf\locale\uz\formats.py,8,13,13,1.0,0,0,0.0,1.0,0.0,0,0,0,0,0,0
django,D:\coverage_ml\repos\django\django\conf\locale\vi\__init__.py,8,0,0,0.0,0,0,0.0,0.0,0.0,0,0,0,0,0,0
django,D:\coverage_ml\repos\django\django\conf\locale\vi\formats.py,8,9,9,1.0,0,0,0.0,1.0,0.0,0,0,0,0,0,0
django,D:\coverage_ml\repos\django\django\conf\locale\zh_Hans\__init__.py,8,0,0,0.0,0,0,0.0,0.0,0.0,0,0,0,0,0,0
django,D:\coverage_ml\repos\django\django\conf\locale\zh_Hans\formats.py,8,14,14,1.0,0,0,0.0,1.0,0.0,0,0,0,0,0,0
django,D:\coverage_ml\repos\django\django\conf\locale\zh_Hant\__init__.py,8,0,0,0.0,0,0,0.0,0.0,0.0,0,0,0,0,0,0
django,D:\coverage_ml\repos\django\django\conf\locale\zh_Hant\formats.py,8,14,14,1.0,0,0,0.0,1.0,0.0,0,0,0,0,0,0
django,D:\coverage_ml\repos\django\django\conf\urls\__init__.py,7,7,7,1.0,0,0,0.0,1.0,0.0,0,0,2,0,0,0
django,D:\coverage_ml\repos\django\django\conf\urls\i18n.py,7,15,15,1.0,3,3,1.0,1.0,0.2,2,0,4,2,1,0
django,D:\coverage_ml\repos\django\django\conf\urls\static.py,7,12,12,1.0,2,2,1.0,1.0,0.16666666666666666,1,0,6,2,0,0
django,D:\coverage_ml\repos\django\django\contrib\__init__.py,6,0,0,0.0,0,0,0.0,0.0,0.0,0,0,0,0,0,0
django,D:\coverage_ml\repos\django\django\contrib\admin\__init__.py,7,8,8,1.0,0,0,0.0,1.0,0.0,1,0,5,0,0,0
django,D:\coverage_ml\repos\django\django\contrib\admin\actions.py,7,29,29,1.0,4,4,1.0,1.0,0.13793103448275862,1,0,8,4,0,0
django,D:\coverage_ml\repos\django\django\contrib\admin\apps.py,7,17,17,1.0,0,0,0.0,1.0,0.0,2,2,4,0,0,0
django,D:\coverage_ml\repos\django\django\contrib\admin\checks.py,7,466,465,0.9978540772532188,113,113,1.0,0.9978540772532188,0.24248927038626608,60,3,21,106,7,20
django,D:\coverage_ml\repos\django\django\contrib\admin\decorators.py,7,41,41,1.0,12,12,1.0,1.0,0.2926829268292683,6,0,3,12,0,0
django,D:\coverage_ml\repos\django\django\contrib\admin\exceptions.py,7,9,9,1.0,0,0,0.0,1.0,0.0,0,4,1,0,0,0
django,D:\coverage_ml\repos\django\django\contrib\admin\filters.py,7,332,322,0.9698795180722891,52,52,1.0,0.9698795180722891,0.1566265060240964,50,11,8,42,10,2
django,D:\coverage_ml\repos\django\django\contrib\admin\forms.py,7,12,12,1.0,1,1,1.0,1.0,0.08333333333333333,1,2,3,1,0,0
django,D:\coverage_ml\repos\django\django\contrib\admin\helpers.py,7,273,269,0.9853479853479854,42,42,1.0,0.9853479853479854,0.15384615384615385,41,10,15,30,12,2
django,D:\coverage_ml\repos\django\django\contrib\admin\models.py,7,92,90,0.9782608695652174,14,14,1.0,0.9782608695652174,0.15217391304347827,9,3,10,13,1,2
django,D:\coverage_ml\repos\django\django\contrib\admin\options.py,7,1089,1064,0.9770431588613406,188,188,1.0,0.9770431588613406,0.17263544536271808,117,8,49,160,28,16
django,D:\coverage_ml\repos\django\django\contrib\admin\sites.py,7,258,256,0.9922480620155039,37,37,1.0,0.9922480620155039,0.1434108527131783,33,2,34,31,6,4
django,D:\coverage_ml\repos\django\django\contrib\admin\tests.py,7,103,31,0.30097087378640774,2,0,0.0,0.30097087378640774,0.019417475728155338,19,1,28,1,1,1
django,D:\coverage_ml\repos\django\django\contrib\admin\utils.py,7,356,348,0.9775280898876404,78,78,1.0,0.9775280898876404,0.21910112359550563,29,3,24,63,15,13
django,D:\coverage_ml\repos\django\django\contrib\admin\widgets.py,7,296,294,0.9932432432432432,24,24,1.0,0.9932432432432432,0.08108108108108109,43,25,17,20,4,3
django,D:\coverage_ml\repos\django\django\contrib\admin\migrations\0001_initial.py,8,6,6,1.0,0,0,0.0,1.0,0.0,0,1,3,0,0,0
django,D:\coverage_ml\repos\django\django\contrib\admin\migrations\0002_logentry_remove_auto_add.py,8,5,5,1.0,0,0,0.0,1.0,0.0,0,1,2,0,0,0
django,D:\coverage_ml\repos\django\django\contrib\admin\migrations\0003_logentry_add_action_flag_choices.py,8,4,4,1.0,0,0,0.0,1.0,0.0,0,1,1,0,0,0
django,D:\coverage_ml\repos\django\django\contrib\admin\migrations\__init__.py,8,0,0,0.0,0,0,0.0,0.0,0.0,0,0,0,0,0,0
django,D:\coverage_ml\repos\django\django\contrib\admin\templatetags\__init__.py,8,0,0,0.0,0,0,0.0,0.0,0.0,0,0,0,0,0,0
django,D:\coverage_ml\repos\django\django\contrib\admin\templatetags\admin_list.py,8,229,224,0.9781659388646288,47,47,1.0,0.9781659388646288,0.2052401746724891,23,1,17,40,7,2
django,D:\coverage_ml\repos\django\django\contrib\admin\templatetags\admin_modify.py,8,62,62,1.0,11,11,1.0,1.0,0.1774193548387097,6,0,4,5,6,1
django,D:\coverage_ml\repos\django\django\contrib\admin\templatetags\admin_urls.py,8,43,43,1.0,5,5,1.0,1.0,0.11627906976744186,3,0,7,5,0,1
django,D:\coverage_ml\repos\django\django\contrib\admin\templatetags\base.py,8,23,21,0.9130434782608695,2,2,1.0,0.9130434782608695,0.08695652173913043,2,1,4,2,0,0
django,D:\coverage_ml\repos\django\django\contrib\admin\templatetags\log.py,8,31,30,0.967741935483871,7,7,1.0,0.967741935483871,0.22580645161290322,4,1,1,7,0,0
django,D:\coverage_ml\repos\django\django\contrib\admin\views\__init__.py,8,0,0,0.0,0,0,0.0,0.0,0.0,0,0,0,0,0,0
django,D:\coverage_ml\repos\django\django\contrib\admin\views\autocomplete.py,8,59,52,0.8813559322033898,4,4,1.0,0.8813559322033898,0.06779661016949153,6,1,5,4,0,5
django,D:\coverage_ml\repos\django\django\contrib\admin\views\decorators.py,8,7,7,1.0,1,1,1.0,1.0,0.14285714285714285,1,0,2,1,0,0
django,D:\coverage_ml\repos\django\django\contrib\admin\views\main.py,8,345,334,0.9681159420289855,80,80,1.0,0.9681159420289855,0.2318840579710145,16,2,17,63,17,11
django,D:\coverage_ml\repos\django\django\contrib\admindocs\__init__.py,7,0,0,0.0,0,0,0.0,0.0,0.0,0,0,0,0,0,0
django,D:\coverage_ml\repos\django\django\contrib\admindocs\apps.py,7,5,5,1.0,0,0,0.0,1.0,0.0,0,1,2,0,0,0
django,D:\coverage_ml\repos\django\django\contrib\admindocs\middleware.py,7,13,13,1.0,2,2,1.0,1.0,0.15384615384615385,1,1,5,2,0,0
django,D:\coverage_ml\repos\django\django\contrib\admindocs\urls.py,7,3,3,1.0,0,0,0.0,1.0,0.0,0,0,2,0,0,0
django,D:\coverage_ml\repos\django\django\contrib\admindocs\utils.py,7,120,69,0.575,20,13,0.65,0.575,0.16666666666666666,14,0,11,14,6,2
django,D:\coverage_ml\repos\django\django\contrib\admindocs\views.py,7,230,65,0.2826086956521739,35,1,0.02857142857142857,0.2826086956521739,0.15217391304347827,15,9,22,18,17,10
django,D:\coverage_ml\repos\django\django\contrib\auth\__init__.py,7,201,198,0.9850746268656716,35,35,1.0,0.9850746268656716,0.17412935323383086,14,0,14,30,5,7
django,D:\coverage_ml\repos\django\django\contrib\auth\admin.py,7,111,107,0.963963963963964,15,14,0.9333333333333333,0.963963963963964,0.13513513513513514,9,2,18,15,0,0
django,D:\coverage_ml\repos\django\django\contrib\auth\apps.py,7,22,22,1.0,1,1,1.0,1.0,0.045454545454545456,1,1,10,1,0,0
django,D:\coverage_ml\repos\django\django\contrib\auth\backends.py,7,177,167,0.943502824858757,24,24,1.0,0.943502824858757,0.13559322033898305,23,5,4,24,0,7
django,D:\coverage_ml\repos\django\django\contrib\auth\base_user.py,7,84,84,1.0,2,2,1.0,1.0,0.023809523809523808,19,3,7,1,1,2
django,D:\coverage_ml\repos\django\django\contrib\auth\checks.py,7,78,78,1.0,22,22,1.0,1.0,0.28205128205128205,4,0,6,18,4,1
django,D:\coverage_ml\repos\django\django\contrib\auth\context_processors.py,7,31,30,0.967741935483871,2,2,1.0,0.967741935483871,0.06451612903225806,11,2,1,2,0,0
django,D:\coverage_ml\repos\django\django\contrib\auth\decorators.py,7,66,66,1.0,13,13,1.0,1.0,0.19696969696969696,9,0,8,13,0,0
django,D:\coverage_ml\repos\django\django\contrib\auth\forms.py,7,258,258,1.0,26,26,1.0,1.0,0.10077519379844961,38,16,16,25,1,2
django,D:\coverage_ml\repos\django\django\contrib\auth\hashers.py,7,304,240,0.7894736842105263,20,18,0.9,0.7894736842105263,0.06578947368421052,52,8,16,18,2,4
django,D:\coverage_ml\repos\django\django\contrib\auth\middleware.py,7,131,123,0.9389312977099237,23,23,1.0,0.9389312977099237,0.17557251908396945,11,4,12,23,0,5
django,D:\coverage_ml\repos\django\django\contrib\auth\mixins.py,7,61,58,0.9508196721311475,8,8,1.0,0.9508196721311475,0.13114754098360656,11,4,6,8,0,0
django,D:\coverage_ml\repos\django\django\contrib\auth\models.py,7,310,305,0.9838709677419355,37,37,1.0,0.9838709677419355,0.11935483870967742,44,14,13,29,8,4
django,D:\coverage_ml\repos\django\django\contrib\auth\password_validation.py,7,127,126,0.9921259842519685,19,19,1.0,0.9921259842519685,0.14960629921259844,23,4,12,13,6,4
django,D:\coverage_ml\repos\django\django\contrib\auth\signals.py,7,4,4,1.0,0,0,0.0,1.0,0.0,0,0,1,0,0,0
django,D:\coverage_ml\repos\django\django\contrib\auth\tokens.py,7,57,53,0.9298245614035088,5,5,1.0,0.9298245614035088,0.08771929824561403,11,1,4,4,1,2
django,D:\coverage_ml\repos\django\django\contrib\auth\urls.py,7,3,3,1.0,0,0,0.0,1.0,0.0,0,0,2,0,0,0
django,D:\coverage_ml\repos\django\django\contrib\auth\validators.py,7,14,14,1.0,0,0,0.0,1.0,0.0,0,2,4,0,0,0
django,D:\coverage_ml\repos\django\django\contrib\auth\views.py,7,212,211,0.9952830188679245,17,17,1.0,0.9952830188679245,0.08018867924528301,25,10,22,17,0,1
django,D:\coverage_ml\repos\django\django\contrib\auth\handlers\__init__.py,8,0,0,0.0,0,0,0.0,0.0,0.0,0,0,0,0,0,0
django,D:\coverage_ml\repos\django\django\contrib\auth\handlers\modwsgi.py,8,25,24,0.96,2,2,1.0,0.96,0.08,2,0,2,2,0,4
django,D:\coverage_ml\repos\django\django\contrib\auth\management\__init__.py,8,74,65,0.8783783783783784,10,9,0.9,0.8783783783783784,0.13513513513513514,5,0,8,6,4,6
django,D:\coverage_ml\repos\django\django\contrib\auth\management\commands\__init__.py,9,0,0,0.0,0,0,0.0,0.0,0.0,0,0,0,0,0,0
django,D:\coverage_ml\repos\django\django\contrib\auth\management\commands\changepassword.py,9,50,50,1.0,5,5,1.0,1.0,0.1,3,1,6,4,1,2
django,D:\coverage_ml\repos\django\django\contrib\auth\management\commands\createsuperuser.py,9,167,167,1.0,35,35,1.0,1.0,0.20958083832335328,8,2,11,29,6,6
django,D:\coverage_ml\repos\django\django\contrib\auth\migrations\0001_initial.py,8,7,7,1.0,0,0,0.0,1.0,0.0,0,1,4,0,0,0
django,D:\coverage_ml\repos\django\django\contrib\auth\migrations\0002_alter_permission_name_max_length.py,8,4,4,1.0,0,0,0.0,1.0,0.0,0,1,1,0,0,0
django,D:\coverage_ml\repos\django\django\contrib\auth\migrations\0003_alter_user_email_max_length.py,8,4,4,1.0,0,0,0.0,1.0,0.0,0,1,1,0,0,0
django,D:\coverage_ml\repos\django\django\contrib\auth\migrations\0004_alter_user_username_opts.py,8,5,5,1.0,0,0,0.0,1.0,0.0,0,1,2,0,0,0
django,D:\coverage_ml\repos\django\django\contrib\auth\migrations\0005_alter_user_last_login_null.py,8,4,4,1.0,0,0,0.0,1.0,0.0,0,1,1,0,0,0
django,D:\coverage_ml\repos\django\django\contrib\auth\migrations\0006_require_contenttypes_0002.py,8,4,4,1.0,0,0,0.0,1.0,0.0,0,1,1,0,0,0
django,D:\coverage_ml\repos\django\django\contrib\auth\migrations\0007_alter_validators_add_error_messages.py,8,5,5,1.0,0,0,0.0,1.0,0.0,0,1,2,0,0,0
django,D:\coverage_ml\repos\django\django\contrib\auth\migrations\0008_alter_user_username_max_length.py,8,5,5,1.0,0,0,0.0,1.0,0.0,0,1,2,0,0,0
django,D:\coverage_ml\repos\django\django\contrib\auth\migrations\0009_alter_user_last_name_max_length.py,8,4,4,1.0,0,0,0.0,1.0,0.0,0,1,1,0,0,0
django,D:\coverage_ml\repos\django\django\contrib\auth\migrations\0010_alter_group_name_max_length.py,8,4,4,1.0,0,0,0.0,1.0,0.0,0,1,1,0,0,0
django,D:\coverage_ml\repos\django\django\contrib\auth\migrations\0011_update_proxy_permissions.py,8,35,35,1.0,3,3,1.0,1.0,0.08571428571428572,2,1,4,1,2,1
django,D:\coverage_ml\repos\django\django\contrib\auth\migrations\0012_alter_user_first_name_max_length.py,8,4,4,1.0,0,0,0.0,1.0,0.0,0,1,1,0,0,0
django,D:\coverage_ml\repos\django\django\contrib\auth\migrations\__init__.py,8,0,0,0.0,0,0,0.0,0.0,0.0,0,0,0,0,0,0
django,D:\coverage_ml\repos\django\django\contrib\auth\templatetags\__init__.py,8,0,0,0.0,0,0,0.0,0.0,0.0,0,0,0,0,0,0
django,D:\coverage_ml\repos\django\django\contrib\auth\templatetags\auth.py,8,16,16,1.0,1,1,1.0,1.0,0.0625,1,0,4,1,0,1
django,D:\coverage_ml\repos\django\django\contrib\contenttypes\__init__.py,7,0,0,0.0,0,0,0.0,0.0,0.0,0,0,0,0,0,0
django,D:\coverage_ml\repos\django\django\contrib\contenttypes\admin.py,7,50,50,1.0,6,6,1.0,1.0,0.12,3,4,9,5,1,2
django,D:\coverage_ml\repos\django\django\contrib\contenttypes\apps.py,7,15,15,1.0,0,0,0.0,1.0,0.0,1,1,6,0,0,0
django,D:\coverage_ml\repos\django\django\contrib\contenttypes\checks.py,7,22,22,1.0,5,5,1.0,1.0,0.22727272727272727,2,0,4,3,2,0
django,D:\coverage_ml\repos\django\django\contrib\contenttypes\fields.py,7,398,398,1.0,41,41,1.0,1.0,0.10301507537688442,56,6,20,32,9,5
django,D:\coverage_ml\repos\django\django\contrib\contenttypes\forms.py,7,40,40,1.0,4,4,1.0,1.0,0.1,5,1,4,4,0,0
django,D:\coverage_ml\repos\django\django\contrib\contenttypes\models.py,7,109,109,1.0,9,9,1.0,1.0,0.08256880733944955,16,3,5,4,5,6
django,D:\coverage_ml\repos\django\django\contrib\contenttypes\prefetch.py,7,23,13,0.5652173913043478,5,3,0.6,0.5652173913043478,0.21739130434782608,3,1,2,3,2,0
django,D:\coverage_ml\repos\django\django\contrib\contenttypes\views.py,7,50,42,0.84,11,11,1.0,0.84,0.22,1,0,6,9,2,4
django,D:\coverage_ml\repos\django\django\contrib\contenttypes\management\__init__.py,8,73,61,0.8356164383561644,15,13,0.8666666666666667,0.8356164383561644,0.2054794520547945,6,1,2,11,4,4
django,D:\coverage_ml\repos\django\django\contrib\contenttypes\management\commands\__init__.py,9,0,0,0.0,0,0,0.0,0.0,0.0,0,0,0,0,0,0
django,D:\coverage_ml\repos\django\django\contrib\contenttypes\management\commands\remove_stale_contenttypes.py,9,47,44,0.9361702127659575,12,11,0.9166666666666666,0.9361702127659575,0.2553191489361702,2,1,6,8,4,0
django,D:\coverage_ml\repos\django\django\contrib\contenttypes\migrations\0001_initial.py,8,5,5,1.0,0,0,0.0,1.0,0.0,0,1,2,0,0,0
django,D:\coverage_ml\repos\django\django\contrib\contenttypes\migrations\0002_remove_content_type_name.py,8,13,11,0.8461538461538461,1,1,1.0,0.8461538461538461,0.07692307692307693,1,1,1,0,1,1
django,D:\coverage_ml\repos\django\django\contrib\contenttypes\migrations\__init__.py,8,0,0,0.0,0,0,0.0,0.0,0.0,0,0,0,0,0,0
django,D:\coverage_ml\repos\django\django\contrib\flatpages\__init__.py,7,0,0,0.0,0,0,0.0,0.0,0.0,0,0,0,0,0,0
django,D:\coverage_ml\repos\django\django\contrib\flatpages\admin.py,7,11,0,0.0,0,0,0.0,0.0,0.0,0,1,4,0,0,0
django,D:\coverage_ml\repos\django\django\contrib\flatpages\apps.py,7,6,6,1.0,0,0,0.0,1.0,0.0,0,1,2,0,0,0
django,D:\coverage_ml\repos\django\django\contrib\flatpages\forms.py,7,35,35,1.0,7,7,1.0,1.0,0.2,4,2,6,6,1,0
django,D:\coverage_ml\repos\django\django\contrib\flatpages\middleware.py,7,16,12,0.75,2,1,0.5,0.75,0.125,1,1,4,2,0,1
django,D:\coverage_ml\repos\django\django\contrib\flatpages\models.py,7,28,28,1.0,1,1,1.0,1.0,0.03571428571428571,2,2,6,0,1,1
django,D:\coverage_ml\repos\django\django\contrib\flatpages\sitemaps.py,7,10,9,0.9,1,1,1.0,0.9,0.1,1,1,3,1,0,0
django,D:\coverage_ml\repos\django\django\contrib\flatpages\urls.py,7,3,3,1.0,0,0,0.0,1.0,0.0,0,0,2,0,0,0
django,D:\coverage_ml\repos\django\django\contrib\flatpages\views.py,7,33,32,0.9696969696969697,4,4,1.0,0.9696969696969697,0.12121212121212122,2,0,9,4,0,1
django,D:\coverage_ml\repos\django\django\contrib\flatpages\migrations\0001_initial.py,8,4,4,1.0,0,0,0.0,1.0,0.0,0,1,1,0,0,0
django,D:\coverage_ml\repos\django\django\contrib\flatpages\migrations\__init__.py,8,0,0,0.0,0,0,0.0,0.0,0.0,0,0,0,0,0,0
django,D:\coverage_ml\repos\django\django\contrib\flatpages\templatetags\__init__.py,8,0,0,0.0,0,0,0.0,0.0,0.0,0,0,0,0,0,0
django,D:\coverage_ml\repos\django\django\contrib\flatpages\templatetags\flatpages.py,8,46,45,0.9782608695652174,11,11,1.0,0.9782608695652174,0.2391304347826087,3,1,4,11,0,0
django,D:\coverage_ml\repos\django\django\contrib\gis\__init__.py,7,0,0,0.0,0,0,0.0,0.0,0.0,0,0,0,0,0,0
django,D:\coverage_ml\repos\django\django\contrib\gis\apps.py,7,9,0,0.0,0,0,0.0,0.0,0.0,1,1,3,0,0,0
django,D:\coverage_ml\repos\django\django\contrib\gis\feeds.py,7,78,0,0.0,13,0,0.0,0.0,0.16666666666666666,14,5,2,13,0,0
django,D:\coverage_ml\repos\django\django\contrib\gis\geoip2.py,7,90,0,0.0,9,0,0.0,0.0,0.1,14,2,9,8,1,2
django,D:\coverage_ml\repos\django\django\contrib\gis\geometry.py,7,5,0,0.0,0,0,0.0,0.0,0.0,0,0,2,0,0,0
django,D:\coverage_ml\repos\django\django\contrib\gis\measure.py,7,138,0,0.0,25,0,0.0,0.0,0.18115942028985507,24,3,2,24,1,0
django,D:\coverage_ml\repos\django\django\contrib\gis\ptr.py,7,22,0,0.0,3,0,0.0,0.0,0.13636363636363635,3,1,1,3,0,1
django,D:\coverage_ml\repos\django\django\contrib\gis\shortcuts.py,7,19,0,0.0,0,0,0.0,0.0,0.0,3,0,6,0,0,1
django,D:\coverage_ml\repos\django\django\contrib\gis\views.py,7,15,0,0.0,1,0,0.0,0.0,0.06666666666666667,1,0,2,1,0,1
django,D:\coverage_ml\repos\django\django\contrib\gis\admin\__init__.py,8,3,0,0.0,0,0,0.0,0.0,0.0,0,0,2,0,0,0
django,D:\coverage_ml\repos\django\django\contrib\gis\admin\options.py,8,13,0,0.0,1,0,0.0,0.0,0.07692307692307693,1,2,3,1,0,0
django,D:\coverage_ml\repos\django\django\contrib\gis\db\__init__.py,8,0,0,0.0,0,0,0.0,0.0,0.0,0,0,0,0,0,0
django,D:\coverage_ml\repos\django\django\contrib\gis\db\backends\__init__.py,9,0,0,0.0,0,0,0.0,0.0,0.0,0,0,0,0,0,0
django,D:\coverage_ml\repos\django\django\contrib\gis\db\backends\utils.py,9,14,0,0.0,1,0,0.0,0.0,0.07142857142857142,3,1,0,1,0,0
django,D:\coverage_ml\repos\django\django\contrib\gis\db\backends\base\__init__.py,10,0,0,0.0,0,0,0.0,0.0,0.0,0,0,0,0,0,0
django,D:\coverage_ml\repos\django\django\contrib\gis\db\backends\base\adapter.py,10,13,0,0.0,0,0,0.0,0.0,0.0,5,1,0,0,0,0
django,D:\coverage_ml\repos\django\django\contrib\gis\db\backends\base\features.py,10,58,0,0.0,2,0,0.0,0.0,0.034482758620689655,9,1,3,2,0,0
django,D:\coverage_ml\repos\django\django\contrib\gis\db\backends\base\models.py,10,70,0,0.0,4,0,0.0,0.0,0.05714285714285714,16,1,2,4,0,2
django,D:\coverage_ml\repos\django\django\contrib\gis\db\backends\base\operations.py,10,81,0,0.0,12,0,0.0,0.0,0.14814814814814814,17,1,6,12,0,0
django,D:\coverage_ml\repos\django\django\contrib\gis\db\backends\mysql\__init__.py,10,0,0,0.0,0,0,0.0,0.0,0.0,0,0,0,0,0,0
django,D:\coverage_ml\repos\django\django\contrib\gis\db\backends\mysql\base.py,10,10,0,0.0,0,0,0.0,0.0,0.0,0,1,5,0,0,0
django,D:\coverage_ml\repos\django\django\contrib\gis\db\backends\mysql\features.py,10,17,0,0.0,0,0,0.0,0.0,0.0,1,1,3,0,0,0
django,D:\coverage_ml\repos\django\django\contrib\gis\db\backends\mysql\introspection.py,10,18,0,0.0,2,0,0.0,0.0,0.1111111111111111,2,1,3,1,1,0
django,D:\coverage_ml\repos\django\django\contrib\gis\db\backends\mysql\operations.py,10,80,0,0.0,12,0,0.0,0.0,0.15,13,1,9,12,0,0
django,D:\coverage_ml\repos\django\django\contrib\gis\db\backends\mysql\schema.py,10,46,0,0.0,6,0,0.0,0.0,0.13043478260869565,7,1,4,6,0,1
django,D:\coverage_ml\repos\django\django\contrib\gis\db\backends\oracle\__init__.py,10,0,0,0.0,0,0,0.0,0.0,0.0,0,0,0,0,0,0
django,D:\coverage_ml\repos\django\django\contrib\gis\db\backends\oracle\adapter.py,10,34,0,0.0,10,0,0.0,0.0,0.29411764705882354,4,1,3,8,2,0
django,D:\coverage_ml\repos\django\django\contrib\gis\db\backends\oracle\base.py,10,10,0,0.0,0,0,0.0,0.0,0.0,0,1,5,0,0,0
django,D:\coverage_ml\repos\django\django\contrib\gis\db\backends\oracle\features.py,10,16,0,0.0,0,0,0.0,0.0,0.0,1,1,3,0,0,0
django,D:\coverage_ml\repos\django\django\contrib\gis\db\backends\oracle\introspection.py,10,23,0,0.0,2,0,0.0,0.0,0.08695652173913043,2,1,3,2,0,1
django,D:\coverage_ml\repos\django\django\contrib\gis\db\backends\oracle\models.py,10,32,0,0.0,0,0,0.0,0.0,0.0,4,4,2,0,0,0
django,D:\coverage_ml\repos\django\django\contrib\gis\db\backends\oracle\operations.py,10,107,0,0.0,14,0,0.0,0.0,0.1308411214953271,15,5,12,14,0,0
django,D:\coverage_ml\repos\django\django\contrib\gis\db\backends\oracle\schema.py,10,61,0,0.0,8,0,0.0,0.0,0.13114754098360656,14,1,3,7,1,0
django,D:\coverage_ml\repos\django\django\contrib\gis\db\backends\postgis\__init__.py,10,0,0,0.0,0,0,0.0,0.0,0.0,0,0,0,0,0,0
django,D:\coverage_ml\repos\django\django\contrib\gis\db\backends\postgis\adapter.py,10,29,0,0.0,3,0,0.0,0.0,0.10344827586206896,7,1,4,3,0,0
django,D:\coverage_ml\repos\django\django\contrib\gis\db\backends\postgis\base.py,10,104,0,0.0,12,0,0.0,0.0,0.11538461538461539,12,9,16,11,1,1
django,D:\coverage_ml\repos\django\django\contrib\gis\db\backends\postgis\const.py,10,7,0,0.0,0,0,0.0,0.0,0.0,0,0,0,0,0,0
django,D:\coverage_ml\repos\django\django\contrib\gis\db\backends\postgis\features.py,10,9,0,0.0,0,0,0.0,0.0,0.0,0,1,2,0,0,0
django,D:\coverage_ml\repos\django\django\contrib\gis\db\backends\postgis\introspection.py,10,28,0,0.0,5,0,0.0,0.0,0.17857142857142858,2,1,2,5,0,0
django,D:\coverage_ml\repos\django\django\contrib\gis\db\backends\postgis\models.py,10,35,0,0.0,0,0,0.0,0.0,0.0,4,4,2,0,0,0
django,D:\coverage_ml\repos\django\django\contrib\gis\db\backends\postgis\operations.py,10,200,0,0.0,30,0,0.0,0.0,0.15,30,3,19,30,0,1
django,D:\coverage_ml\repos\django\django\contrib\gis\db\backends\postgis\pgraster.py,10,45,0,0.0,6,0,0.0,0.0,0.13333333333333333,5,0,3,4,2,0
django,D:\coverage_ml\repos\django\django\contrib\gis\db\backends\postgis\schema.py,10,53,0,0.0,10,0,0.0,0.0,0.18867924528301888,8,1,3,10,0,0
django,D:\coverage_ml\repos\django\django\contrib\gis\db\backends\spatialite\__init__.py,10,0,0,0.0,0,0,0.0,0.0,0.0,0,0,0,0,0,0
django,D:\coverage_ml\repos\django\django\contrib\gis\db\backends\spatialite\adapter.py,10,6,0,0.0,1,0,0.0,0.0,0.16666666666666666,1,1,2,1,0,0
django,D:\coverage_ml\repos\django\django\contrib\gis\db\backends\spatialite\base.py,10,42,0,0.0,4,0,0.0,0.0,0.09523809523809523,3,1,9,3,1,2
django,D:\coverage_ml\repos\django\django\contrib\gis\db\backends\spatialite\client.py,10,3,0,0.0,0,0,0.0,0.0,0.0,0,1,1,0,0,0
django,D:\coverage_ml\repos\django\django\contrib\gis\db\backends\spatialite\features.py,10,14,0,0.0,0,0,0.0,0.0,0.0,2,1,3,0,0,0
django,D:\coverage_ml\repos\django\django\contrib\gis\db\backends\spatialite\introspection.py,10,30,0,0.0,5,0,0.0,0.0,0.16666666666666666,2,2,2,4,1,0
django,D:\coverage_ml\repos\django\django\contrib\gis\db\backends\spatialite\models.py,10,35,0,0.0,0,0,0.0,0.0,0.0,4,4,2,0,0,0
django,D:\coverage_ml\repos\django\django\contrib\gis\db\backends\spatialite\operations.py,10,105,0,0.0,9,0,0.0,0.0,0.08571428571428572,19,2,13,9,0,2
django,D:\coverage_ml\repos\django\django\contrib\gis\db\backends\spatialite\schema.py,10,74,0,0.0,16,0,0.0,0.0,0.21621621621621623,9,1,7,9,7,2
django,D:\coverage_ml\repos\django\django\contrib\gis\db\models\__init__.py,9,9,0,0.0,0,0,0.0,0.0,0.0,0,0,7,0,0,0
django,D:\coverage_ml\repos\django\django\contrib\gis\db\models\aggregates.py,9,52,0,0.0,3,0,0.0,0.0,0.057692307692307696,8,6,3,2,1,0
django,D:\coverage_ml\repos\django\django\contrib\gis\db\models\fields.py,9,187,0,0.0,18,0,0.0,0.0,0.0962566844919786,25,11,10,18,0,5
django,D:\coverage_ml\repos\django\django\contrib\gis\db\models\functions.py,9,372,0,0.0,45,0,0.0,0.0,0.12096774193548387,44,46,10,42,3,1
django,D:\coverage_ml\repos\django\django\contrib\gis\db\models\lookups.py,9,190,0,0.0,14,0,0.0,0.0,0.07368421052631578,14,33,6,14,0,0
django,D:\coverage_ml\repos\django\django\contrib\gis\db\models\proxy.py,9,32,0,0.0,7,0,0.0,0.0,0.21875,3,1,1,7,0,1
django,D:\coverage_ml\repos\django\django\contrib\gis\db\models\sql\__init__.py,10,2,0,0.0,0,0,0.0,0.0,0.0,0,0,1,0,0,0
django,D:\coverage_ml\repos\django\django\contrib\gis\db\models\sql\conversion.py,10,47,0,0.0,8,0,0.0,0.0,0.1702127659574468,10,2,3,8,0,0
django,D:\coverage_ml\repos\django\django\contrib\gis\forms\__init__.py,8,3,0,0.0,0,0,0.0,0.0,0.0,0,0,3,0,0,0
django,D:\coverage_ml\repos\django\django\contrib\gis\forms\fields.py,8,74,0,0.0,11,0,0.0,0.0,0.14864864864864866,4,8,6,11,0,5
django,D:\coverage_ml\repos\django\django\contrib\gis\forms\widgets.py,8,67,0,0.0,6,0,0.0,0.0,0.08955223880597014,7,4,5,6,0,2
django,D:\coverage_ml\repos\django\django\contrib\gis\gdal\__init__.py,8,10,0,0.0,0,0,0.0,0.0,0.0,0,0,9,0,0,0
django,D:\coverage_ml\repos\django\django\contrib\gis\gdal\base.py,8,4,0,0.0,0,0,0.0,0.0,0.0,0,1,2,0,0,0
django,D:\coverage_ml\repos\django\django\contrib\gis\gdal\datasource.py,8,49,0,0.0,6,0,0.0,0.0,0.12244897959183673,6,1,7,6,0,2
django,D:\coverage_ml\repos\django\django\contrib\gis\gdal\driver.py,8,38,0,0.0,7,0,0.0,0.0,0.18421052631578946,5,1,6,7,0,0
django,D:\coverage_ml\repos\django\django\contrib\gis\gdal\envelope.py,8,85,0,0.0,21,0,0.0,0.0,0.24705882352941178,13,2,2,21,0,0
django,D:\coverage_ml\repos\django\django\contrib\gis\gdal\error.py,8,15,0,0.0,2,0,0.0,0.0,0.13333333333333333,1,2,0,2,0,0
django,D:\coverage_ml\repos\django\django\contrib\gis\gdal\feature.py,8,58,0,0.0,4,0,0.0,0.0,0.06896551724137931,14,1,7,4,0,0
django,D:\coverage_ml\repos\django\django\contrib\gis\gdal\field.py,8,114,0,0.0,5,0,0.0,0.0,0.043859649122807015,19,15,6,5,0,3
django,D:\coverage_ml\repos\django\django\contrib\gis\gdal\geometries.py,8,415,0,0.0,51,0,0.0,0.0,0.12289156626506025,92,14,16,50,1,1
django,D:\coverage_ml\repos\django\django\contrib\gis\gdal\geomtype.py,8,49,0,0.0,13,0,0.0,0.0,0.2653061224489796,7,1,1,13,0,0
django,D:\coverage_ml\repos\django\django\contrib\gis\gdal\layer.py,8,113,0,0.0,14,0,0.0,0.0,0.12389380530973451,21,1,14,12,2,3
django,D:\coverage_ml\repos\django\django\contrib\gis\gdal\libgdal.py,8,61,0,0.0,10,0,0.0,0.0,0.16393442622950818,6,0,9,9,1,1
django,D:\coverage_ml\repos\django\django\contrib\gis\gdal\srs.py,8,168,0,0.0,20,0,0.0,0.0,0.11904761904761904,37,3,7,20,0,2
django,D:\coverage_ml\repos\django\django\contrib\gis\gdal\prototypes\__init__.py,9,0,0,0.0,0,0,0.0,0.0,0.0,0,0,0,0,0,0
django,D:\coverage_ml\repos\django\django\contrib\gis\gdal\prototypes\ds.py,9,58,0,0.0,0,0,0.0,0.0,0.0,0,0,4,0,0,0
django,D:\coverage_ml\repos\django\django\contrib\gis\gdal\prototypes\errcheck.py,9,58,0,0.0,10,0,0.0,0.0,0.1724137931034483,12,0,3,10,0,0
django,D:\coverage_ml\repos\django\django\contrib\gis\gdal\prototypes\generation.py,9,88,0,0.0,13,0,0.0,0.0,0.14772727272727273,14,1,3,13,0,0
django,D:\coverage_ml\repos\django\django\contrib\gis\gdal\prototypes\geom.py,9,77,0,0.0,0,0,0.0,0.0,0.0,3,0,5,0,0,0
django,D:\coverage_ml\repos\django\django\contrib\gis\gdal\prototypes\raster.py,9,48,0,0.0,0,0,0.0,0.0,0.0,0,0,4,0,0,0
django,D:\coverage_ml\repos\django\django\contrib\gis\gdal\prototypes\srs.py,9,38,0,0.0,0,0,0.0,0.0,0.0,2,0,3,0,0,0
django,D:\coverage_ml\repos\django\django\contrib\gis\gdal\raster\__init__.py,9,0,0,0.0,0,0,0.0,0.0,0.0,0,0,0,0,0,0
django,D:\coverage_ml\repos\django\django\contrib\gis\gdal\raster\band.py,9,119,0,0.0,15,0,0.0,0.0,0.12605042016806722,20,2,7,14,1,2
django,D:\coverage_ml\repos\django\django\contrib\gis\gdal\raster\base.py,9,36,0,0.0,7,0,0.0,0.0,0.19444444444444445,2,1,2,2,5,0
django,D:\coverage_ml\repos\django\django\contrib\gis\gdal\raster\const.py,9,10,0,0.0,0,0,0.0,0.0,0.0,0,0,1,0,0,0
django,D:\coverage_ml\repos\django\django\contrib\gis\gdal\raster\source.py,9,236,0,0.0,32,0,0.0,0.0,0.13559322033898305,31,2,16,30,2,3
django,D:\coverage_ml\repos\django\django\contrib\gis\geos\__init__.py,8,9,0,0.0,0,0,0.0,0.0,0.0,0,0,9,0,0,0
django,D:\coverage_ml\repos\django\django\contrib\gis\geos\base.py,8,4,0,0.0,0,0,0.0,0.0,0.0,0,1,2,0,0,0
django,D:\coverage_ml\repos\django\django\contrib\gis\geos\collections.py,8,55,0,0.0,4,0,0.0,0.0,0.07272727272727272,9,4,6,3,1,0
django,D:\coverage_ml\repos\django\django\contrib\gis\geos\coordseq.py,8,122,0,0.0,11,0,0.0,0.0,0.09016393442622951,34,1,6,10,1,0
django,D:\coverage_ml\repos\django\django\contrib\gis\geos\error.py,8,2,0,0.0,0,0,0.0,0.0,0.0,0,1,0,0,0,0
django,D:\coverage_ml\repos\django\django\contrib\gis\geos\factory.py,8,17,0,0.0,3,0,0.0,0.0,0.17647058823529413,2,0,1,3,0,1
django,D:\coverage_ml\repos\django\django\contrib\gis\geos\geometry.py,8,370,0,0.0,38,0,0.0,0.0,0.10270270270270271,91,3,21,38,0,2
django,D:\coverage_ml\repos\django\django\contrib\gis\geos\io.py,8,9,0,0.0,0,0,0.0,0.0,0.0,2,2,2,0,0,0
django,D:\coverage_ml\repos\django\django\contrib\gis\geos\libgeos.py,8,91,0,0.0,11,0,0.0,0.0,0.12087912087912088,8,5,9,10,1,3
django,D:\coverage_ml\repos\django\django\contrib\gis\geos\linestring.py,8,108,0,0.0,21,0,0.0,0.0,0.19444444444444445,14,2,6,17,4,0
django,D:\coverage_ml\repos\django\django\contrib\gis\geos\mutable_list.py,8,163,0,0.0,34,0,0.0,0.0,0.2085889570552147,31,1,1,26,8,3
django,D:\coverage_ml\repos\django\django\contrib\gis\geos\point.py,8,99,0,0.0,16,0,0.0,0.0,0.16161616161616163,19,1,5,15,1,0
django,D:\coverage_ml\repos\django\django\contrib\gis\geos\polygon.py,8,90,0,0.0,15,0,0.0,0.0,0.16666666666666666,15,1,4,12,3,1
django,D:\coverage_ml\repos\django\django\contrib\gis\geos\prepared.py,8,29,0,0.0,1,0,0.0,0.0,0.034482758620689655,10,1,3,1,0,0
django,D:\coverage_ml\repos\django\django\contrib\gis\geos\prototypes\__init__.py,9,5,0,0.0,0,0,0.0,0.0,0.0,0,0,5,0,0,0
django,D:\coverage_ml\repos\django\django\contrib\gis\geos\prototypes\coordseq.py,9,47,0,0.0,4,0,0.0,0.0,0.0851063829787234,4,3,3,4,0,0
django,D:\coverage_ml\repos\django\django\contrib\gis\geos\prototypes\errcheck.py,9,37,0,0.0,7,0,0.0,0.0,0.1891891891891892,7,0,3,7,0,0
django,D:\coverage_ml\repos\django\django\contrib\gis\geos\prototypes\geom.py,9,38,0,0.0,0,0,0.0,0.0,0.0,0,4,3,0,0,0
django,D:\coverage_ml\repos\django\django\contrib\gis\geos\prototypes\io.py,9,201,0,0.0,16,0,0.0,0.0,0.07960199004975124,27,14,9,16,0,0
django,D:\coverage_ml\repos\django\django\contrib\gis\geos\prototypes\misc.py,9,12,0,0.0,0,0,0.0,0.0,0.0,0,1,4,0,0,0
django,D:\coverage_ml\repos\django\django\contrib\gis\geos\prototypes\predicates.py,9,28,0,0.0,0,0,0.0,0.0,0.0,0,2,3,0,0,0
django,D:\coverage_ml\repos\django\django\contrib\gis\geos\prototypes\prepared.py,9,18,0,0.0,0,0,0.0,0.0,0.0,0,1,3,0,0,0
django,D:\coverage_ml\repos\django\django\contrib\gis\geos\prototypes\threadsafe.py,9,35,0,0.0,0,0,0.0,0.0,0.0,10,3,3,0,0,0
django,D:\coverage_ml\repos\django\django\contrib\gis\geos\prototypes\topology.py,9,28,0,0.0,0,0,0.0,0.0,0.0,0,1,4,0,0,0
django,D:\coverage_ml\repos\django\django\contrib\gis\management\__init__.py,8,0,0,0.0,0,0,0.0,0.0,0.0,0,0,0,0,0,0
django,D:\coverage_ml\repos\django\django\contrib\gis\management\commands\__init__.py,9,0,0,0.0,0,0,0.0,0.0,0.0,0,0,0,0,0,0
django,D:\coverage_ml\repos\django\django\contrib\gis\management\commands\inspectdb.py,9,9,0,0.0,1,0,0.0,0.0,0.1111111111111111,1,1,1,1,0,0
django,D:\coverage_ml\repos\django\django\contrib\gis\management\commands\ogrinspect.py,9,48,0,0.0,2,0,0.0,0.0,0.041666666666666664,4,3,5,2,0,2
django,D:\coverage_ml\repos\django\django\contrib\gis\serializers\__init__.py,8,0,0,0.0,0,0,0.0,0.0,0.0,0,0,0,0,0,0
django,D:\coverage_ml\repos\django\django\contrib\gis\serializers\geojson.py,8,46,0,0.0,9,0,0.0,0.0,0.1956521739130435,7,2,4,8,1,0
django,D:\coverage_ml\repos\django\django\contrib\gis\sitemaps\__init__.py,8,2,0,0.0,0,0,0.0,0.0,0.0,0,0,1,0,0,0
django,D:\coverage_ml\repos\django\django\contrib\gis\sitemaps\kml.py,8,35,0,0.0,8,0,0.0,0.0,0.22857142857142856,5,2,5,5,3,0
django,D:\coverage_ml\repos\django\django\contrib\gis\sitemaps\views.py,8,37,0,0.0,6,0,0.0,0.0,0.16216216216216217,2,0,7,5,1,2
django,D:\coverage_ml\repos\django\django\contrib\gis\utils\__init__.py,8,5,0,0.0,0,0,0.0,0.0,0.0,0,0,4,0,0,0
django,D:\coverage_ml\repos\django\django\contrib\gis\utils\layermapping.py,8,289,0,0.0,64,0,0.0,0.0,0.22145328719723184,16,6,11,56,8,13
django,D:\coverage_ml\repos\django\django\contrib\gis\utils\ogrinfo.py,8,32,0,0.0,7,0,0.0,0.0,0.21875,1,0,2,4,3,0
django,D:\coverage_ml\repos\django\django\contrib\gis\utils\ogrinspect.py,8,93,0,0.0,29,0,0.0,0.0,0.3118279569892473,5,0,2,27,2,0
django,D:\coverage_ml\repos\django\django\contrib\gis\utils\srs.py,8,24,0,0.0,6,0,0.0,0.0,0.25,1,0,2,6,0,1
django,D:\coverage_ml\repos\django\django\contrib\humanize\__init__.py,7,0,0,0.0,0,0,0.0,0.0,0.0,0,0,0,0,0,0
django,D:\coverage_ml\repos\django\django\contrib\humanize\apps.py,7,5,5,1.0,0,0,0.0,1.0,0.0,0,1,2,0,0,0
django,D:\coverage_ml\repos\django\django\contrib\humanize\templatetags\__init__.py,8,0,0,0.0,0,0,0.0,0.0,0.0,0,0,0,0,0,0
django,D:\coverage_ml\repos\django\django\contrib\humanize\templatetags\humanize.py,8,120,116,0.9666666666666667,22,22,1.0,0.9666666666666667,0.18333333333333332,7,1,10,21,1,5
django,D:\coverage_ml\repos\django\django\contrib\messages\__init__.py,7,3,3,1.0,0,0,0.0,1.0,0.0,0,0,3,0,0,0
django,D:\coverage_ml\repos\django\django\contrib\messages\api.py,7,34,33,0.9705882352941176,3,3,1.0,0.9705882352941176,0.08823529411764706,9,1,2,3,0,1
django,D:\coverage_ml\repos\django\django\contrib\messages\apps.py,7,14,14,1.0,1,1,1.0,1.0,0.07142857142857142,2,1,6,1,0,0
django,D:\coverage_ml\repos\django\django\contrib\messages\constants.py,7,7,7,1.0,0,0,0.0,1.0,0.0,0,0,0,0,0,0
django,D:\coverage_ml\repos\django\django\contrib\messages\context_processors.py,7,4,4,1.0,0,0,0.0,1.0,0.0,1,0,2,0,0,0
django,D:\coverage_ml\repos\django\django\contrib\messages\middleware.py,7,12,11,0.9166666666666666,2,2,1.0,0.9166666666666666,0.16666666666666666,2,1,3,2,0,0
django,D:\coverage_ml\repos\django\django\contrib\messages\test.py,7,7,7,1.0,0,0,0.0,1.0,0.0,1,1,1,0,0,0
django,D:\coverage_ml\repos\django\django\contrib\messages\utils.py,7,4,4,1.0,0,0,0.0,1.0,0.0,1,0,2,0,0,0
django,D:\coverage_ml\repos\django\django\contrib\messages\views.py,7,11,11,1.0,1,1,1.0,1.0,0.09090909090909091,2,1,1,1,0,0
django,D:\coverage_ml\repos\django\django\contrib\messages\storage\__init__.py,8,4,4,1.0,0,0,0.0,1.0,0.0,1,0,2,0,0,0
django,D:\coverage_ml\repos\django\django\contrib\messages\storage\base.py,8,84,79,0.9404761904761905,10,10,1.0,0.9404761904761905,0.11904761904761904,20,2,3,9,1,0
django,D:\coverage_ml\repos\django\django\contrib\messages\storage\cookie.py,8,113,112,0.9911504424778761,17,17,1.0,0.9911504424778761,0.1504424778761062,17,6,7,15,2,1
django,D:\coverage_ml\repos\django\django\contrib\messages\storage\fallback.py,8,29,29,1.0,7,7,1.0,1.0,0.2413793103448276,3,1,3,5,2,0
django,D:\coverage_ml\repos\django\django\contrib\messages\storage\session.py,8,24,24,1.0,3,3,1.0,1.0,0.125,5,1,4,3,0,0
django,D:\coverage_ml\repos\django\django\contrib\postgres\__init__.py,7,0,0,0.0,0,0,0.0,0.0,0.0,0,0,0,0,0,0
django,D:\coverage_ml\repos\django\django\contrib\postgres\apps.py,7,52,0,0.0,4,0,0.0,0.0,0.07692307692307693,2,1,14,3,1,0
django,D:\coverage_ml\repos\django\django\contrib\postgres\constraints.py,7,127,10,0.07874015748031496,31,0,0.0,0.07874015748031496,0.2440944881889764,11,2,11,28,3,0
django,D:\coverage_ml\repos\django\django\contrib\postgres\expressions.py,7,10,0,0.0,0,0,0.0,0.0,0.0,2,1,3,0,0,0
django,D:\coverage_ml\repos\django\django\contrib\postgres\functions.py,7,7,7,1.0,0,0,0.0,1.0,0.0,0,2,1,0,0,0
django,D:\coverage_ml\repos\django\django\contrib\postgres\indexes.py,7,166,49,0.29518072289156627,31,0,0.0,0.29518072289156627,0.18674698795180722,26,9,3,31,0,0
django,D:\coverage_ml\repos\django\django\contrib\postgres\lookups.py,7,51,4,0.0784313725490196,2,0,0.0,0.0784313725490196,0.0392156862745098,3,11,5,2,0,0
django,D:\coverage_ml\repos\django\django\contrib\postgres\operations.py,7,196,1,0.00510204081632653,23,0,0.0,0.00510204081632653,0.11734693877551021,47,17,5,23,0,0
django,D:\coverage_ml\repos\django\django\contrib\postgres\search.py,7,298,1,0.003355704697986577,40,0,0.0,0.003355704697986577,0.1342281879194631,46,25,9,40,0,0
django,D:\coverage_ml\repos\django\django\contrib\postgres\serializers.py,7,6,0,0.0,0,0,0.0,0.0,0.0,1,1,1,0,0,0
django,D:\coverage_ml\repos\django\django\contrib\postgres\signals.py,7,44,4,0.09090909090909091,8,0,0.0,0.09090909090909091,0.18181818181818182,5,0,7,5,3,0
django,D:\coverage_ml\repos\django\django\contrib\postgres\utils.py,7,20,9,0.45,2,0,0.0,0.45,0.1,3,1,5,2,0,0
django,D:\coverage_ml\repos\django\django\contrib\postgres\validators.py,7,37,22,0.5945945945945946,4,0,0.0,0.5945945945945946,0.10810810810810811,5,5,5,4,0,0
django,D:\coverage_ml\repos\django\django\contrib\postgres\aggregates\__init__.py,8,2,1,0.5,0,0,0.0,0.5,0.0,0,0,2,0,0,0
django,D:\coverage_ml\repos\django\django\contrib\postgres\aggregates\general.py,8,38,2,0.05263157894736842,1,0,0.0,0.05263157894736842,0.02631578947368421,2,8,6,1,0,0
django,D:\coverage_ml\repos\django\django\contrib\postgres\aggregates\mixins.py,8,7,0,0.0,0,0,0.0,0.0,0.0,1,1,2,0,0,0
django,D:\coverage_ml\repos\django\django\contrib\postgres\aggregates\statistics.py,8,34,0,0.0,1,0,0.0,0.0,0.029411764705882353,2,12,1,1,0,0
django,D:\coverage_ml\repos\django\django\contrib\postgres\fields\__init__.py,8,5,1,0.2,0,0,0.0,0.2,0.0,0,0,5,0,0,0
django,D:\coverage_ml\repos\django\django\contrib\postgres\fields\array.py,8,231,2,0.008658008658008658,31,0,0.0,0.008658008658008658,0.1341991341991342,36,12,11,25,6,5
django,D:\coverage_ml\repos\django\django\contrib\postgres\fields\citext.py,8,8,0,0.0,0,0,0.0,0.0,0.0,0,3,1,0,0,0
django,D:\coverage_ml\repos\django\django\contrib\postgres\fields\hstore.py,8,75,0,0.0,8,0,0.0,0.0,0.10666666666666667,11,5,8,6,2,0
django,D:\coverage_ml\repos\django\django\contrib\postgres\fields\jsonb.py,8,4,0,0.0,0,0,0.0,0.0,0.0,0,1,1,0,0,0
django,D:\coverage_ml\repos\django\django\contrib\postgres\fields\ranges.py,8,245,0,0.0,21,0,0.0,0.0,0.08571428571428572,29,24,9,19,2,1
django,D:\coverage_ml\repos\django\django\contrib\postgres\fields\utils.py,8,3,0,0.0,0,0,0.0,0.0,0.0,1,1,0,0,0,0
django,D:\coverage_ml\repos\django\django\contrib\postgres\forms\__init__.py,8,3,3,1.0,0,0,0.0,1.0,0.0,0,0,3,0,0,0
django,D:\coverage_ml\repos\django\django\contrib\postgres\forms\array.py,8,167,37,0.2215568862275449,25,0,0.0,0.2215568862275449,0.1497005988023952,21,3,7,19,6,7
django,D:\coverage_ml\repos\django\django\contrib\postgres\forms\hstore.py,8,30,11,0.36666666666666664,6,0,0.0,0.36666666666666664,0.2,3,1,4,5,1,1
django,D:\coverage_ml\repos\django\django\contrib\postgres\forms\ranges.py,8,65,3,0.046153846153846156,8,0,0.0,0.046153846153846156,0.12307692307692308,6,7,5,8,0,1
django,D:\coverage_ml\repos\django\django\contrib\redirects\__init__.py,7,0,0,0.0,0,0,0.0,0.0,0.0,0,0,0,0,0,0
django,D:\coverage_ml\repos\django\django\contrib\redirects\admin.py,7,7,0,0.0,0,0,0.0,0.0,0.0,0,1,2,0,0,0
django,D:\coverage_ml\repos\django\django\contrib\redirects\apps.py,7,6,6,1.0,0,0,0.0,1.0,0.0,0,1,2,0,0,0
django,D:\coverage_ml\repos\django\django\contrib\redirects\middleware.py,7,34,34,1.0,5,5,1.0,1.0,0.14705882352941177,2,1,7,5,0,2
django,D:\coverage_ml\repos\django\django\contrib\redirects\models.py,7,15,15,1.0,0,0,0.0,1.0,0.0,1,2,3,0,0,0
django,D:\coverage_ml\repos\django\django\contrib\redirects\migrations\0001_initial.py,8,4,4,1.0,0,0,0.0,1.0,0.0,0,1,1,0,0,0
django,D:\coverage_ml\repos\django\django\contrib\redirects\migrations\0002_alter_redirect_new_path_help_text.py,8,4,4,1.0,0,0,0.0,1.0,0.0,0,1,1,0,0,0
django,D:\coverage_ml\repos\django\django\contrib\redirects\migrations\__init__.py,8,0,0,0.0,0,0,0.0,0.0,0.0,0,0,0,0,0,0
django,D:\coverage_ml\repos\django\django\contrib\sessions\__init__.py,7,0,0,0.0,0,0,0.0,0.0,0.0,0,0,0,0,0,0
django,D:\coverage_ml\repos\django\django\contrib\sessions\apps.py,7,5,5,1.0,0,0,0.0,1.0,0.0,0,1,2,0,0,0
django,D:\coverage_ml\repos\django\django\contrib\sessions\base_session.py,7,29,27,0.9310344827586207,1,1,1.0,0.9310344827586207,0.034482758620689655,5,3,2,1,0,0
django,D:\coverage_ml\repos\django\django\contrib\sessions\exceptions.py,7,7,7,1.0,0,0,0.0,1.0,0.0,0,3,1,0,0,0
django,D:\coverage_ml\repos\django\django\contrib\sessions\middleware.py,7,42,38,0.9047619047619048,5,5,1.0,0.9047619047619048,0.11904761904761904,3,1,8,5,0,2
django,D:\coverage_ml\repos\django\django\contrib\sessions\models.py,7,11,11,1.0,0,0,0.0,1.0,0.0,1,3,2,0,0,0
django,D:\coverage_ml\repos\django\django\contrib\sessions\serializers.py,7,2,2,1.0,0,0,0.0,1.0,0.0,0,0,1,0,0,0
django,D:\coverage_ml\repos\django\django\contrib\sessions\backends\__init__.py,8,0,0,0.0,0,0,0.0,0.0,0.0,0,0,0,0,0,0
django,D:\coverage_ml\repos\django\django\contrib\sessions\backends\base.py,8,309,305,0.9870550161812298,29,29,1.0,0.9870550161812298,0.09385113268608414,40,3,9,29,2,14
django,D:\coverage_ml\repos\django\django\contrib\sessions\backends\cache.py,8,96,81,0.84375,16,16,1.0,0.84375,0.16666666666666666,8,1,3,14,2,4
django,D:\coverage_ml\repos\django\django\contrib\sessions\backends\cached_db.py,8,78,69,0.8846153846153846,8,8,1.0,0.8846153846153846,0.10256410256410256,7,1,4,8,0,4
django,D:\coverage_ml\repos\django\django\contrib\sessions\backends\db.py,8,127,110,0.8661417322834646,12,10,0.8333333333333334,0.8661417322834646,0.09448818897637795,12,1,8,12,2,8
django,D:\coverage_ml\repos\django\django\contrib\sessions\backends\file.py,8,132,117,0.8863636363636364,15,13,0.8666666666666667,0.8863636363636364,0.11363636363636363,11,1,9,14,2,9
django,D:\coverage_ml\repos\django\django\contrib\sessions\backends\signed_cookies.py,8,42,38,0.9047619047619048,0,0,0.0,0.9047619047619048,0.0,8,1,2,0,0,1
django,D:\coverage_ml\repos\django\django\contrib\sessions\management\__init__.py,8,0,0,0.0,0,0,0.0,0.0,0.0,0,0,0,0,0,0
django,D:\coverage_ml\repos\django\django\contrib\sessions\management\commands\__init__.py,9,0,0,0.0,0,0,0.0,0.0,0.0,0,0,0,0,0,0
django,D:\coverage_ml\repos\django\django\contrib\sessions\management\commands\clearsessions.py,9,11,11,1.0,0,0,0.0,1.0,0.0,1,1,3,0,0,1
django,D:\coverage_ml\repos\django\django\contrib\sessions\migrations\0001_initial.py,8,5,5,1.0,0,0,0.0,1.0,0.0,0,1,2,0,0,0
django,D:\coverage_ml\repos\django\django\contrib\sessions\migrations\__init__.py,8,0,0,0.0,0,0,0.0,0.0,0.0,0,0,0,0,0,0
django,D:\coverage_ml\repos\django\django\contrib\sitemaps\__init__.py,7,119,117,0.9831932773109243,19,19,1.0,0.9831932773109243,0.15966386554621848,17,2,5,17,2,3
django,D:\coverage_ml\repos\django\django\contrib\sitemaps\apps.py,7,6,6,1.0,0,0,0.0,1.0,0.0,0,1,2,0,0,0
django,D:\coverage_ml\repos\django\django\contrib\sitemaps\views.py,7,83,83,1.0,15,15,1.0,1.0,0.18072289156626506,5,1,10,12,3,1
django,D:\coverage_ml\repos\django\django\contrib\sites\__init__.py,7,0,0,0.0,0,0,0.0,0.0,0.0,0,0,0,0,0,0
django,D:\coverage_ml\repos\django\django\contrib\sites\admin.py,7,6,6,1.0,0,0,0.0,1.0,0.0,0,1,2,0,0,0
django,D:\coverage_ml\repos\django\django\contrib\sites\apps.py,7,13,13,1.0,0,0,0.0,1.0,0.0,1,1,6,0,0,0
django,D:\coverage_ml\repos\django\django\contrib\sites\checks.py,7,7,7,1.0,1,1,1.0,1.0,0.14285714285714285,1,0,3,1,0,0
django,D:\coverage_ml\repos\django\django\contrib\sites\management.py,7,22,17,0.7727272727272727,6,4,0.6666666666666666,0.7727272727272727,0.2727272727272727,1,0,4,5,1,1
django,D:\coverage_ml\repos\django\django\contrib\sites\managers.py,7,32,32,1.0,2,2,1.0,1.0,0.0625,5,1,4,2,0,2
django,D:\coverage_ml\repos\django\django\contrib\sites\middleware.py,7,5,5,1.0,0,0,0.0,1.0,0.0,1,1,2,0,0,0
django,D:\coverage_ml\repos\django\django\contrib\sites\models.py,7,67,66,0.9850746268656716,6,6,1.0,0.9850746268656716,0.08955223880597014,9,3,7,6,0,3
django,D:\coverage_ml\repos\django\django\contrib\sites\requests.py,7,9,9,1.0,0,0,0.0,1.0,0.0,4,1,0,0,0,0
django,D:\coverage_ml\repos\django\django\contrib\sites\shortcuts.py,7,7,7,1.0,1,1,1.0,1.0,0.14285714285714285,1,0,3,1,0,0
django,D:\coverage_ml\repos\django\django\contrib\sites\migrations\0001_initial.py,8,6,6,1.0,0,0,0.0,1.0,0.0,0,1,3,0,0,0
django,D:\coverage_ml\repos\django\django\contrib\sites\migrations\0002_alter_domain_unique.py,8,5,5,1.0,0,0,0.0,1.0,0.0,0,1,2,0,0,0
django,D:\coverage_ml\repos\django\django\contrib\sites\migrations\__init__.py,8,0,0,0.0,0,0,0.0,0.0,0.0,0,0,0,0,0,0
django,D:\coverage_ml\repos\django\django\contrib\staticfiles\__init__.py,7,0,0,0.0,0,0,0.0,0.0,0.0,0,0,0,0,0,0
django,D:\coverage_ml\repos\django\django\contrib\staticfiles\apps.py,7,11,11,1.0,0,0,0.0,1.0,0.0,1,1,4,0,0,0
django,D:\coverage_ml\repos\django\django\contrib\staticfiles\checks.py,7,18,18,1.0,2,2,1.0,1.0,0.1111111111111111,2,0,3,1,1,1
django,D:\coverage_ml\repos\django\django\contrib\staticfiles\finders.py,7,168,159,0.9464285714285714,47,47,1.0,0.9464285714285714,0.27976190476190477,18,5,11,34,13,1
django,D:\coverage_ml\repos\django\django\contrib\staticfiles\handlers.py,7,61,60,0.9836065573770492,4,4,1.0,0.9836065573770492,0.06557377049180328,9,3,10,3,1,2
django,D:\coverage_ml\repos\django\django\contrib\staticfiles\storage.py,7,290,264,0.9103448275862069,59,56,0.9491525423728814,0.9103448275862069,0.20344827586206896,23,5,12,49,10,6
django,D:\coverage_ml\repos\django\django\contrib\staticfiles\testing.py,7,4,4,1.0,0,0,0.0,1.0,0.0,0,1,2,0,0,0
django,D:\coverage_ml\repos\django\django\contrib\staticfiles\urls.py,7,10,10,1.0,2,2,1.0,1.0,0.2,1,0,3,2,0,0
django,D:\coverage_ml\repos\django\django\contrib\staticfiles\utils.py,7,35,31,0.8857142857142857,13,13,1.0,0.8857142857142857,0.37142857142857144,3,0,4,11,2,0
django,D:\coverage_ml\repos\django\django\contrib\staticfiles\views.py,7,17,16,0.9411764705882353,3,3,1.0,0.9411764705882353,0.17647058823529413,1,0,6,3,0,0
django,D:\coverage_ml\repos\django\django\contrib\staticfiles\management\__init__.py,8,0,0,0.0,0,0,0.0,0.0,0.0,0,0,0,0,0,0
django,D:\coverage_ml\repos\django\django\contrib\staticfiles\management\commands\__init__.py,9,0,0,0.0,0,0,0.0,0.0,0.0,0,0,0,0,0,0
django,D:\coverage_ml\repos\django\django\contrib\staticfiles\management\commands\collectstatic.py,9,191,158,0.8272251308900523,37,31,0.8378378378378378,0.8272251308900523,0.193717277486911,12,1,10,32,5,5
django,D:\coverage_ml\repos\django\django\contrib\staticfiles\management\commands\findstatic.py,9,28,23,0.8214285714285714,6,4,0.6666666666666666,0.8214285714285714,0.21428571428571427,2,1,3,6,0,0
django,D:\coverage_ml\repos\django\django\contrib\staticfiles\management\commands\runserver.py,9,16,16,1.0,1,1,1.0,1.0,0.0625,2,1,3,1,0,0
django,D:\coverage_ml\repos\django\django\contrib\syndication\__init__.py,7,0,0,0.0,0,0,0.0,0.0,0.0,0,0,0,0,0,0
django,D:\coverage_ml\repos\django\django\contrib\syndication\apps.py,7,5,0,0.0,0,0,0.0,0.0,0.0,0,1,2,0,0,0
django,D:\coverage_ml\repos\django\django\contrib\syndication\views.py,7,118,114,0.9661016949152542,15,15,1.0,0.9661016949152542,0.1271186440677966,12,2,11,14,1,6
django,D:\coverage_ml\repos\django\django\core\__init__.py,6,0,0,0.0,0,0,0.0,0.0,0.0,0,0,0,0,0,0
django,D:\coverage_ml\repos\django\django\core\asgi.py,6,5,5,1.0,0,0,0.0,1.0,0.0,1,0,2,0,0,0
django,D:\coverage_ml\repos\django\django\core\exceptions.py,6,116,115,0.9913793103448276,21,21,1.0,0.9913793103448276,0.1810344827586207,9,25,2,16,5,0
django,D:\coverage_ml\repos\django\django\core\paginator.py,6,257,257,1.0,41,41,1.0,1.0,0.15953307392996108,31,9,9,29,11,3
django,D:\coverage_ml\repos\django\django\core\signals.py,6,5,5,1.0,0,0,0.0,1.0,0.0,0,0,1,0,0,0
django,D:\coverage_ml\repos\django\django\core\signing.py,6,118,118,1.0,17,17,1.0,1.0,0.1440677966101695,20,5,10,14,3,0
django,D:\coverage_ml\repos\django\django\core\validators.py,6,321,317,0.9875389408099688,46,46,1.0,0.9875389408099688,0.14330218068535824,42,13,13,46,0,8
django,D:\coverage_ml\repos\django\django\core\wsgi.py,6,5,5,1.0,0,0,0.0,1.0,0.0,1,0,2,0,0,0
django,D:\coverage_ml\repos\django\django\core\cache\__init__.py,7,23,23,1.0,0,0,0.0,1.0,0.0,2,1,4,0,0,1
django,D:\coverage_ml\repos\django\django\core\cache\utils.py,7,9,9,1.0,2,2,1.0,1.0,0.2222222222222222,1,0,1,1,1,0
django,D:\coverage_ml\repos\django\django\core\cache\backends\__init__.py,8,0,0,0.0,0,0,0.0,0.0,0.0,0,0,0,0,0,0
django,D:\coverage_ml\repos\django\django\core\cache\backends\base.py,8,201,176,0.8756218905472637,34,34,1.0,0.8756218905472637,0.1691542288557214,25,4,6,27,7,3
django,D:\coverage_ml\repos\django\django\core\cache\backends\db.py,8,149,148,0.9932885906040269,15,15,1.0,0.9932885906040269,0.10067114093959731,14,4,7,12,3,1
django,D:\coverage_ml\repos\django\django\core\cache\backends\dummy.py,8,23,23,1.0,0,0,0.0,1.0,0.0,8,1,1,0,0,0
django,D:\coverage_ml\repos\django\django\core\cache\backends\filebased.py,8,113,110,0.9734513274336283,10,10,1.0,0.9734513274336283,0.08849557522123894,15,1,11,8,2,8
django,D:\coverage_ml\repos\django\django\core\cache\backends\locmem.py,8,96,96,1.0,8,8,1.0,1.0,0.08333333333333333,13,1,5,7,1,1
django,D:\coverage_ml\repos\django\django\core\cache\backends\memcached.py,8,103,0,0.0,12,0,0.0,0.0,0.11650485436893204,21,3,6,9,3,1
django,D:\coverage_ml\repos\django\django\core\cache\backends\redis.py,8,157,42,0.267515923566879,19,0,0.0,0.267515923566879,0.12101910828025478,32,3,7,17,2,1
django,D:\coverage_ml\repos\django\django\core\checks\__init__.py,7,16,16,1.0,0,0,0.0,1.0,0.0,0,0,15,0,0,0
django,D:\coverage_ml\repos\django\django\core\checks\async_checks.py,7,8,8,1.0,1,1,1.0,1.0,0.125,1,0,2,1,0,0
django,D:\coverage_ml\repos\django\django\core\checks\caches.py,7,49,48,0.9795918367346939,14,14,1.0,0.9795918367346939,0.2857142857142857,3,0,5,10,4,0
django,D:\coverage_ml\repos\django\django\core\checks\commands.py,7,10,10,1.0,1,1,1.0,1.0,0.1,1,0,2,1,0,0
django,D:\coverage_ml\repos\django\django\core\checks\database.py,7,11,11,1.0,2,2,1.0,1.0,0.18181818181818182,1,0,2,1,1,0
django,D:\coverage_ml\repos\django\django\core\checks\files.py,7,9,9,1.0,1,1,1.0,1.0,0.1111111111111111,1,0,3,1,0,0
django,D:\coverage_ml\repos\django\django\core\checks\messages.py,7,48,45,0.9375,3,3,1.0,0.9375,0.0625,11,6,2,3,0,0
django,D:\coverage_ml\repos\django\django\core\checks\model_checks.py,7,92,92,1.0,17,17,1.0,1.0,0.18478260869565216,9,0,8,10,7,1
django,D:\coverage_ml\repos\django\django\core\checks\registry.py,7,65,65,1.0,9,9,1.0,1.0,0.13846153846153847,7,2,4,8,1,0
django,D:\coverage_ml\repos\django\django\core\checks\templates.py,7,8,8,1.0,1,1,1.0,1.0,0.125,1,0,2,0,1,0
django,D:\coverage_ml\repos\django\django\core\checks\translation.py,7,27,27,1.0,1,1,1.0,1.0,0.037037037037037035,4,0,4,1,0,1
django,D:\coverage_ml\repos\django\django\core\checks\urls.py,7,82,79,0.9634146341463414,13,13,1.0,0.9634146341463414,0.15853658536585366,8,0,8,9,4,2
django,D:\coverage_ml\repos\django\django\core\checks\compatibility\__init__.py,8,0,0,0.0,0,0,0.0,0.0,0.0,0,0,0,0,0,0
django,D:\coverage_ml\repos\django\django\core\checks\compatibility\django_4_0.py,8,9,9,1.0,2,2,1.0,1.0,0.2222222222222222,1,0,2,1,1,0
django,D:\coverage_ml\repos\django\django\core\checks\security\__init__.py,8,0,0,0.0,0,0,0.0,0.0,0.0,0,0,0,0,0,0
django,D:\coverage_ml\repos\django\django\core\checks\security\base.py,8,108,108,1.0,7,7,1.0,1.0,0.06481481481481481,18,0,3,6,1,2
django,D:\coverage_ml\repos\django\django\core\checks\security\csrf.py,8,30,30,1.0,0,0,0.0,1.0,0.0,4,0,4,0,0,2
django,D:\coverage_ml\repos\django\django\core\checks\security\sessions.py,8,40,40,1.0,8,8,1.0,1.0,0.2,6,0,2,8,0,0
django,D:\coverage_ml\repos\django\django\core\files\__init__.py,7,2,2,1.0,0,0,0.0,1.0,0.0,0,0,1,0,0,0
django,D:\coverage_ml\repos\django\django\core\files\base.py,7,104,99,0.9519230769230769,16,16,1.0,0.9519230769230769,0.15384615384615385,22,2,4,14,3,2
django,D:\coverage_ml\repos\django\django\core\files\images.py,7,51,10,0.19607843137254902,6,0,0.0,0.19607843137254902,0.11764705882352941,4,1,4,6,1,3
django,D:\coverage_ml\repos\django\django\core\files\locks.py,7,61,40,0.6557377049180327,2,2,1.0,0.6557377049180327,0.03278688524590164,7,3,5,2,0,2
django,D:\coverage_ml\repos\django\django\core\files\move.py,7,39,37,0.9487179487179487,4,4,1.0,0.9487179487179487,0.10256410256410256,1,0,3,3,1,6
django,D:\coverage_ml\repos\django\django\core\files\temp.py,7,33,28,0.8484848484848485,2,2,1.0,0.8484848484848485,0.06060606060606061,5,1,3,2,0,2
django,D:\coverage_ml\repos\django\django\core\files\uploadedfile.py,7,59,55,0.9322033898305084,2,2,1.0,0.9322033898305084,0.03389830508474576,13,4,6,2,0,1
django,D:\coverage_ml\repos\django\django\core\files\uploadhandler.py,7,82,77,0.9390243902439024,5,4,0.8,0.9390243902439024,0.06097560975609756,18,7,5,5,0,1
django,D:\coverage_ml\repos\django\django\core\files\utils.py,7,51,46,0.9019607843137255,10,10,1.0,0.9019607843137255,0.19607843137254902,6,1,3,10,0,0
django,D:\coverage_ml\repos\django\django\core\files\storage\__init__.py,8,12,12,1.0,0,0,0.0,1.0,0.0,1,1,6,0,0,0
django,D:\coverage_ml\repos\django\django\core\files\storage\base.py,8,71,63,0.8873239436619719,8,8,1.0,0.8873239436619719,0.11267605633802817,16,1,7,7,1,0
django,D:\coverage_ml\repos\django\django\core\files\storage\filesystem.py,8,140,129,0.9214285714285714,18,17,0.9444444444444444,0.9214285714285714,0.12857142857142856,21,1,13,16,3,6
django,D:\coverage_ml\repos\django\django\core\files\storage\handler.py,8,35,35,1.0,1,1,1.0,1.0,0.02857142857142857,4,2,4,1,0,3
django,D:\coverage_ml\repos\django\django\core\files\storage\memory.py,8,175,174,0.9942857142857143,18,18,1.0,0.9942857142857143,0.10285714285714286,32,4,15,15,3,1
django,D:\coverage_ml\repos\django\django\core\files\storage\mixins.py,8,13,13,1.0,4,4,1.0,1.0,0.3076923076923077,2,1,0,4,0,0
django,D:\coverage_ml\repos\django\django\core\handlers\__init__.py,7,0,0,0.0,0,0,0.0,0.0,0.0,0,0,0,0,0,0
django,D:\coverage_ml\repos\django\django\core\handlers\asgi.py,7,199,188,0.9447236180904522,33,32,0.9696969696969697,0.9447236180904522,0.1658291457286432,13,3,14,26,7,4
django,D:\coverage_ml\repos\django\django\core\handlers\base.py,7,184,181,0.9836956521739131,47,47,1.0,0.9836956521739131,0.2554347826086957,9,1,12,40,7,5
django,D:\coverage_ml\repos\django\django\core\handlers\exception.py,7,75,73,0.9733333333333334,13,13,1.0,0.9733333333333334,0.17333333333333334,5,0,12,13,0,3
django,D:\coverage_ml\repos\django\django\core\handlers\wsgi.py,7,117,117,1.0,10,10,1.0,1.0,0.08547008547008547,16,3,9,10,0,1
django,D:\coverage_ml\repos\django\django\core\mail\__init__.py,7,53,53,1.0,5,5,1.0,1.0,0.09433962264150944,7,0,9,5,0,1
django,D:\coverage_ml\repos\django\django\core\mail\message.py,7,293,269,0.9180887372013652,60,59,0.9833333333333333,0.9180887372013652,0.20477815699658702,26,6,24,54,6,7
django,D:\coverage_ml\repos\django\django\core\mail\utils.py,7,10,10,1.0,1,1,1.0,1.0,0.1,2,1,2,1,0,0
django,D:\coverage_ml\repos\django\django\core\mail\backends\__init__.py,8,0,0,0.0,0,0,0.0,0.0,0.0,0,0,0,0,0,0
django,D:\coverage_ml\repos\django\django\core\mail\backends\base.py,8,18,14,0.7777777777777778,0,0,0.0,0.7777777777777778,0.0,6,1,0,0,0,1
django,D:\coverage_ml\repos\django\django\core\mail\backends\console.py,8,33,29,0.8787878787878788,4,3,0.75,0.8787878787878788,0.12121212121212122,3,1,3,3,1,1
django,D:\coverage_ml\repos\django\django\core\mail\backends\dummy.py,8,4,4,1.0,0,0,0.0,1.0,0.0,1,1,1,0,0,0
django,D:\coverage_ml\repos\django\django\core\mail\backends\filebased.py,8,42,36,0.8571428571428571,5,5,1.0,0.8571428571428571,0.11904761904761904,5,1,5,5,0,2
django,D:\coverage_ml\repos\django\django\core\mail\backends\locmem.py,8,15,14,0.9333333333333333,2,2,1.0,0.9333333333333333,0.13333333333333333,2,1,3,1,1,0
django,D:\coverage_ml\repos\django\django\core\mail\backends\smtp.py,8,113,34,0.3008849557522124,21,1,0.047619047619047616,0.3008849557522124,0.18584070796460178,8,1,10,20,1,5
django,D:\coverage_ml\repos\django\django\core\management\__init__.py,7,205,189,0.9219512195121952,41,40,0.975609756097561,0.9219512195121952,0.2,11,1,15,31,10,8
django,D:\coverage_ml\repos\django\django\core\management\base.py,7,268,259,0.9664179104477612,45,43,0.9555555555555556,0.9664179104477612,0.16791044776119404,37,8,15,41,4,5
django,D:\coverage_ml\repos\django\django\core\management\color.py,7,45,40,0.8888888888888888,3,3,1.0,0.8888888888888888,0.06666666666666667,6,1,6,2,1,3
django,D:\coverage_ml\repos\django\django\core\management\sql.py,7,22,22,1.0,6,6,1.0,1.0,0.2727272727272727,3,0,3,4,2,0
django,D:\coverage_ml\repos\django\django\core\management\templates.py,7,212,179,0.8443396226415094,42,41,0.9761904761904762,0.8443396226415094,0.19811320754716982,11,1,17,35,7,5
django,D:\coverage_ml\repos\django\django\core\management\utils.py,7,100,94,0.94,19,19,1.0,0.94,0.19,11,0,12,11,8,5
django,D:\coverage_ml\repos\django\django\core\management\commands\__init__.py,8,0,0,0.0,0,0,0.0,0.0,0.0,0,0,0,0,0,0
django,D:\coverage_ml\repos\django\django\core\management\commands\check.py,8,31,31,1.0,3,3,1.0,1.0,0.0967741935483871,2,1,5,3,0,1
django,D:\coverage_ml\repos\django\django\core\management\commands\compilemessages.py,8,103,0,0.0,25,0,0.0,0.0,0.24271844660194175,5,1,9,17,8,2
django,D:\coverage_ml\repos\django\django\core\management\commands\createcachetable.py,8,66,63,0.9545454545454546,16,16,1.0,0.9545454545454546,0.24242424242424243,3,1,5,10,6,1
django,D:\coverage_ml\repos\django\django\core\management\commands\dbshell.py,8,18,18,1.0,0,0,0.0,1.0,0.0,2,1,3,0,0,1
django,D:\coverage_ml\repos\django\django\core\management\commands\diffsettings.py,8,40,39,0.975,9,9,1.0,0.975,0.225,5,1,2,7,2,0
django,D:\coverage_ml\repos\django\django\core\management\commands\dumpdata.py,8,144,127,0.8819444444444444,27,27,1.0,0.8819444444444444,0.1875,3,2,10,24,3,10
django,D:\coverage_ml\repos\django\django\core\management\commands\flush.py,8,38,34,0.8947368421052632,4,4,1.0,0.8947368421052632,0.10526315789473684,2,1,6,3,1,2
django,D:\coverage_ml\repos\django\django\core\management\commands\inspectdb.py,8,226,209,0.9247787610619469,55,55,1.0,0.9247787610619469,0.24336283185840707,7,1,6,49,6,5
django,D:\coverage_ml\repos\django\django\core\management\commands\loaddata.py,8,227,216,0.9515418502202643,46,44,0.9565217391304348,0.9515418502202643,0.2026431718061674,16,2,19,37,9,5
django,D:\coverage_ml\repos\django\django\core\management\commands\makemessages.py,8,402,72,0.1791044776119403,94,0,0.0,0.1791044776119403,0.23383084577114427,27,3,18,73,21,3
django,D:\coverage_ml\repos\django\django\core\management\commands\makemigrations.py,8,252,245,0.9722222222222222,59,58,0.9830508474576272,0.9722222222222222,0.23412698412698413,9,1,18,46,13,4
django,D:\coverage_ml\repos\django\django\core\management\commands\migrate.py,8,242,240,0.9917355371900827,67,67,1.0,0.9917355371900827,0.2768595041322314,7,1,13,59,8,2
django,D:\coverage_ml\repos\django\django\core\management\commands\optimizemigration.py,8,65,64,0.9846153846153847,10,10,1.0,0.9846153846153847,0.15384615384615385,2,1,11,10,0,2
django,D:\coverage_ml\repos\django\django\core\management\commands\runserver.py,8,108,89,0.8240740740740741,17,16,0.9411764705882353,0.8240740740740741,0.1574074074074074,8,1,13,16,1,2
django,D:\coverage_ml\repos\django\django\core\management\commands\sendtestemail.py,8,18,18,1.0,2,2,1.0,1.0,0.1111111111111111,2,1,4,2,0,0
django,D:\coverage_ml\repos\django\django\core\management\commands\shell.py,8,131,111,0.8473282442748091,18,15,0.8333333333333334,0.8473282442748091,0.13740458015267176,7,1,17,15,3,8
django,D:\coverage_ml\repos\django\django\core\management\commands\showmigrations.py,8,93,93,1.0,23,23,1.0,1.0,0.24731182795698925,6,1,6,15,8,1
django,D:\coverage_ml\repos\django\django\core\management\commands\sqlflush.py,8,14,14,1.0,1,1,1.0,1.0,0.07142857142857142,2,1,3,1,0,0
django,D:\coverage_ml\repos\django\django\core\management\commands\sqlmigrate.py,8,38,35,0.9210526315789473,2,2,1.0,0.9210526315789473,0.05263157894736842,3,1,4,2,0,2
django,D:\coverage_ml\repos\django\django\core\management\commands\sqlsequencereset.py,8,17,16,0.9411764705882353,2,2,1.0,0.9411764705882353,0.11764705882352941,2,1,2,2,0,0
django,D:\coverage_ml\repos\django\django\core\management\commands\squashmigrations.py,8,116,98,0.8448275862068966,24,20,0.8333333333333334,0.8448275862068966,0.20689655172413793,3,1,11,20,4,3
django,D:\coverage_ml\repos\django\django\core\management\commands\startapp.py,8,8,8,1.0,0,0,0.0,1.0,0.0,1,1,1,0,0,0
django,D:\coverage_ml\repos\django\django\core\management\commands\startproject.py,8,11,11,1.0,0,0,0.0,1.0,0.0,1,1,3,0,0,0
django,D:\coverage_ml\repos\django\django\core\management\commands\test.py,8,32,31,0.96875,3,3,1.0,0.96875,0.09375,3,1,6,3,0,0
django,D:\coverage_ml\repos\django\django\core\management\commands\testserver.py,8,19,19,1.0,0,0,0.0,1.0,0.0,2,1,3,0,0,0
django,D:\coverage_ml\repos\django\django\core\serializers\__init__.py,7,106,106,1.0,29,29,1.0,1.0,0.27358490566037735,12,1,4,21,8,1
django,D:\coverage_ml\repos\django\django\core\serializers\base.py,7,199,190,0.9547738693467337,30,30,1.0,0.9547738693467337,0.1507537688442211,28,8,3,24,6,9
django,D:\coverage_ml\repos\django\django\core\serializers\json.py,7,82,79,0.9634146341463414,16,16,1.0,0.9634146341463414,0.1951219512195122,8,3,10,16,0,2
django,D:\coverage_ml\repos\django\django\core\serializers\jsonl.py,7,47,47,1.0,4,4,1.0,1.0,0.0851063829787234,7,2,5,3,1,2
django,D:\coverage_ml\repos\django\django\core\serializers\python.py,7,125,125,1.0,17,17,1.0,1.0,0.136,21,2,5,15,2,6
django,D:\coverage_ml\repos\django\django\core\serializers\pyyaml.py,7,49,4,0.08163265306122448,2,0,0.0,0.08163265306122448,0.04081632653061224,7,3,10,2,0,3
django,D:\coverage_ml\repos\django\django\core\serializers\xml_serializer.py,7,277,248,0.8953068592057761,46,46,1.0,0.8953068592057761,0.16606498194945848,38,7,11,38,8,5
django,D:\coverage_ml\repos\django\django\core\servers\__init__.py,7,0,0,0.0,0,0,0.0,0.0,0.0,0,0,0,0,0,0
django,D:\coverage_ml\repos\django\django\core\servers\basehttp.py,7,133,113,0.849624060150376,21,18,0.8571428571428571,0.849624060150376,0.15789473684210525,18,4,13,18,3,4
django,D:\coverage_ml\repos\django\django\db\__init__.py,6,16,16,1.0,2,2,1.0,1.0,0.125,2,0,3,0,2,0
django,D:\coverage_ml\repos\django\django\db\transaction.py,6,132,120,0.9090909090909091,23,23,1.0,0.9090909090909091,0.17424242424242425,19,2,2,23,0,9
django,D:\coverage_ml\repos\django\django\db\utils.py,6,154,151,0.9805194805194806,23,23,1.0,0.9805194805194806,0.14935064935064934,18,12,9,15,8,4
django,D:\coverage_ml\repos\django\django\db\backends\__init__.py,7,0,0,0.0,0,0,0.0,0.0,0.0,0,0,0,0,0,0
django,D:\coverage_ml\repos\django\django\db\backends\ddl_references.py,7,143,123,0.8601398601398601,14,13,0.9285714285714286,0.8601398601398601,0.0979020979020979,40,9,1,10,4,2
django,D:\coverage_ml\repos\django\django\db\backends\signals.py,7,2,2,1.0,0,0,0.0,1.0,0.0,0,0,1,0,0,0
django,D:\coverage_ml\repos\django\django\db\backends\utils.py,7,168,155,0.9226190476190477,27,24,0.8888888888888888,0.9226190476190477,0.16071428571428573,24,2,11,24,3,5
django,D:\coverage_ml\repos\django\django\db\backends\base\__init__.py,8,0,0,0.0,0,0,0.0,0.0,0.0,0,0,0,0,0,0
django,D:\coverage_ml\repos\django\django\db\backends\base\base.py,8,386,342,0.8860103626943006,45,42,0.9333333333333333,0.8860103626943006,0.11658031088082901,63,1,21,44,1,7
django,D:\coverage_ml\repos\django\django\db\backends\base\client.py,8,15,15,1.0,0,0,0.0,1.0,0.0,4,1,2,0,0,0
django,D:\coverage_ml\repos\django\django\db\backends\base\creation.py,8,167,130,0.7784431137724551,29,25,0.8620689655172413,0.7784431137724551,0.17365269461077845,23,1,14,23,6,4
django,D:\coverage_ml\repos\django\django\db\backends\base\features.py,8,179,166,0.9273743016759777,1,0,0.0,0.9273743016759777,0.00558659217877095,5,1,2,1,0,0
django,D:\coverage_ml\repos\django\django\db\backends\base\introspection.py,8,73,66,0.9041095890410958,11,9,0.8181818181818182,0.9041095890410958,0.1506849315068493,17,1,4,7,4,0
django,D:\coverage_ml\repos\django\django\db\backends\base\operations.py,8,314,284,0.9044585987261147,42,38,0.9047619047619048,0.9044585987261147,0.1337579617834395,83,1,13,40,2,1
django,D:\coverage_ml\repos\django\django\db\backends\base\schema.py,8,817,519,0.6352509179926561,216,136,0.6296296296296297,0.6352509179926561,0.26438188494492043,86,1,14,180,36,3
django,D:\coverage_ml\repos\django\django\db\backends\base\validation.py,8,16,11,0.6875,3,1,0.3333333333333333,0.6875,0.1875,4,1,0,3,0,0
django,D:\coverage_ml\repos\django\django\db\backends\dummy\__init__.py,8,0,0,0.0,0,0,0.0,0.0,0.0,0,0,0,0,0,0
django,D:\coverage_ml\repos\django\django\db\backends\dummy\base.py,8,42,41,0.9761904761904762,0,0,0.0,0.9761904761904762,0.0,3,5,7,0,0,0
django,D:\coverage_ml\repos\django\django\db\backends\dummy\features.py,8,4,4,1.0,0,0,0.0,1.0,0.0,0,1,1,0,0,0
django,D:\coverage_ml\repos\django\django\db\backends\mysql\__init__.py,8,0,0,0.0,0,0,0.0,0.0,0.0,0,0,0,0,0,0
django,D:\coverage_ml\repos\django\django\db\backends\mysql\base.py,8,182,0,0.0,22,0,0.0,0.0,0.12087912087912088,24,2,17,19,3,6
django,D:\coverage_ml\repos\django\django\db\backends\mysql\client.py,8,48,42,0.875,11,11,1.0,0.875,0.22916666666666666,2,1,2,11,0,1
django,D:\coverage_ml\repos\django\django\db\backends\mysql\compiler.py,8,40,0,0.0,4,0,0.0,0.0,0.1,2,2,6,3,1,2
django,D:\coverage_ml\repos\django\django\db\backends\mysql\creation.py,8,57,10,0.17543859649122806,7,0,0.0,0.17543859649122806,0.12280701754385964,4,1,5,7,0,3
django,D:\coverage_ml\repos\django\django\db\backends\mysql\features.py,8,135,90,0.6666666666666666,9,0,0.0,0.6666666666666666,0.06666666666666667,24,1,3,9,0,0
django,D:\coverage_ml\repos\django\django\db\backends\mysql\introspection.py,8,114,0,0.0,29,0,0.0,0.0,0.2543859649122807,9,1,8,22,7,0
django,D:\coverage_ml\repos\django\django\db\backends\mysql\operations.py,8,219,0,0.0,49,0,0.0,0.0,0.2237442922374429,34,1,9,49,0,1
django,D:\coverage_ml\repos\django\django\db\backends\mysql\schema.py,8,118,0,0.0,19,0,0.0,0.0,0.16101694915254236,20,1,3,19,0,0
django,D:\coverage_ml\repos\django\django\db\backends\mysql\validation.py,8,19,0,0.0,3,0,0.0,0.0,0.15789473684210525,3,1,3,3,0,0
django,D:\coverage_ml\repos\django\django\db\backends\oracle\__init__.py,8,0,0,0.0,0,0,0.0,0.0,0.0,0,0,0,0,0,0
django,D:\coverage_ml\repos\django\django\db\backends\oracle\base.py,8,307,0,0.0,50,0,0.0,0.0,0.16286644951140064,41,5,24,45,5,7
django,D:\coverage_ml\repos\django\django\db\backends\oracle\client.py,8,17,9,0.5294117647058824,1,0,0.0,0.5294117647058824,0.058823529411764705,2,1,3,1,0,0
django,D:\coverage_ml\repos\django\django\db\backends\oracle\creation.py,8,236,42,0.17796610169491525,37,0,0.0,0.17796610169491525,0.15677966101694915,32,1,6,35,2,9
django,D:\coverage_ml\repos\django\django\db\backends\oracle\features.py,8,116,0,0.0,3,0,0.0,0.0,0.02586206896551724,14,1,3,3,0,1
django,D:\coverage_ml\repos\django\django\db\backends\oracle\functions.py,8,11,0,0.0,0,0,0.0,0.0,0.0,2,2,1,0,0,0
django,D:\coverage_ml\repos\django\django\db\backends\oracle\introspection.py,8,85,0,0.0,16,0,0.0,0.0,0.18823529411764706,8,1,6,11,5,0
django,D:\coverage_ml\repos\django\django\db\backends\oracle\operations.py,8,356,0,0.0,83,0,0.0,0.0,0.23314606741573032,54,1,16,74,9,0
django,D:\coverage_ml\repos\django\django\db\backends\oracle\schema.py,8,122,0,0.0,24,0,0.0,0.0,0.19672131147540983,15,1,6,23,1,1
django,D:\coverage_ml\repos\django\django\db\backends\oracle\utils.py,8,32,0,0.0,1,0,0.0,0.0,0.03125,5,3,3,1,0,0
django,D:\coverage_ml\repos\django\django\db\backends\oracle\validation.py,8,8,0,0.0,1,0,0.0,0.0,0.125,1,1,2,1,0,0
django,D:\coverage_ml\repos\django\django\db\backends\postgresql\__init__.py,8,0,0,0.0,0,0,0.0,0.0,0.0,0,0,0,0,0,0
django,D:\coverage_ml\repos\django\django\db\backends\postgresql\base.py,8,295,0,0.0,44,0,0.0,0.0,0.14915254237288136,28,7,30,42,2,9
django,D:\coverage_ml\repos\django\django\db\backends\postgresql\client.py,8,52,47,0.9038461538461539,12,12,1.0,0.9038461538461539,0.23076923076923078,2,1,2,12,0,1
django,D:\coverage_ml\repos\django\django\db\backends\postgresql\compiler.py,8,11,0,0.0,1,0,0.0,0.0,0.09090909090909091,2,2,1,1,0,0
django,D:\coverage_ml\repos\django\django\db\backends\postgresql\creation.py,8,55,0,0.0,7,0,0.0,0.0,0.12727272727272726,7,1,5,7,0,3
django,D:\coverage_ml\repos\django\django\db\backends\postgresql\features.py,8,111,0,0.0,6,0,0.0,0.0,0.05405405405405406,11,1,5,6,0,0
django,D:\coverage_ml\repos\django\django\db\backends\postgresql\introspection.py,8,49,0,0.0,7,0,0.0,0.0,0.14285714285714285,6,1,6,5,2,0
django,D:\coverage_ml\repos\django\django\db\backends\postgresql\operations.py,8,210,0,0.0,43,0,0.0,0.0,0.20476190476190476,40,1,12,39,4,1
django,D:\coverage_ml\repos\django\django\db\backends\postgresql\psycopg_any.py,8,66,7,0.10606060606060606,2,0,0.0,0.10606060606060606,0.030303030303030304,8,5,11,2,0,1
django,D:\coverage_ml\repos\django\django\db\backends\postgresql\schema.py,8,136,0,0.0,27,0,0.0,0.0,0.19852941176470587,17,1,4,26,1,0
django,D:\coverage_ml\repos\django\django\db\backends\sqlite3\__init__.py,8,0,0,0.0,0,0,0.0,0.0,0.0,0,0,0,0,0,0
django,D:\coverage_ml\repos\django\django\db\backends\sqlite3\_functions.py,8,361,282,0.7811634349030471,77,60,0.7792207792207793,0.7811634349030471,0.21329639889196675,48,6,14,77,0,4
django,D:\coverage_ml\repos\django\django\db\backends\sqlite3\base.py,8,143,140,0.9790209790209791,14,14,1.0,0.9790209790209791,0.0979020979020979,20,2,19,12,2,0
django,D:\coverage_ml\repos\django\django\db\backends\sqlite3\client.py,8,7,7,1.0,0,0,0.0,1.0,0.0,1,1,1,0,0,0
django,D:\coverage_ml\repos\django\django\db\backends\sqlite3\creation.py,8,98,66,0.673469387755102,19,12,0.631578947368421,0.673469387755102,0.19387755102040816,8,1,8,19,0,3
django,D:\coverage_ml\repos\django\django\db\backends\sqlite3\features.py,8,80,76,0.95,2,2,1.0,0.95,0.025,5,1,8,2,0,1
django,D:\coverage_ml\repos\django\django\db\backends\sqlite3\introspection.py,8,202,201,0.995049504950495,57,57,1.0,0.995049504950495,0.28217821782178215,13,2,8,48,10,1
django,D:\coverage_ml\repos\django\django\db\backends\sqlite3\operations.py,8,210,208,0.9904761904761905,43,43,1.0,0.9904761904761905,0.20476190476190476,39,1,16,41,2,2
django,D:\coverage_ml\repos\django\django\db\backends\sqlite3\schema.py,8,188,183,0.973404255319149,48,48,1.0,0.973404255319149,0.2553191489361702,14,1,10,41,7,1
django,D:\coverage_ml\repos\django\django\db\migrations\__init__.py,7,2,2,1.0,0,0,0.0,1.0,0.0,0,0,2,0,0,0
django,D:\coverage_ml\repos\django\django\db\migrations\autodetector.py,7,789,769,0.9746514575411914,220,215,0.9772727272727273,0.9746514575411914,0.2788339670468948,54,3,15,123,97,2
django,D:\coverage_ml\repos\django\django\db\migrations\exceptions.py,7,26,26,1.0,0,0,0.0,1.0,0.0,3,9,1,0,0,0
django,D:\coverage_ml\repos\django\django\db\migrations\executor.py,7,224,221,0.9866071428571429,79,79,1.0,0.9866071428571429,0.35267857142857145,12,1,6,63,16,0
django,D:\coverage_ml\repos\django\django\db\migrations\graph.py,7,178,178,1.0,35,35,1.0,1.0,0.19662921348314608,30,3,3,19,16,2
django,D:\coverage_ml\repos\django\django\db\migrations\loader.py,7,210,200,0.9523809523809523,60,59,0.9833333333333333,0.9523809523809523,0.2857142857142857,16,1,9,41,19,4
django,D:\coverage_ml\repos\django\django\db\migrations\migration.py,7,102,98,0.9607843137254902,18,18,1.0,0.9607843137254902,0.17647058823529413,11,2,4,13,5,0
django,D:\coverage_ml\repos\django\django\db\migrations\optimizer.py,7,33,33,1.0,8,8,1.0,1.0,0.24242424242424243,2,1,0,6,3,0
django,D:\coverage_ml\repos\django\django\db\migrations\questioner.py,7,161,161,1.0,24,24,1.0,1.0,0.14906832298136646,25,3,10,22,4,5
django,D:\coverage_ml\repos\django\django\db\migrations\recorder.py,7,55,52,0.9454545454545454,4,4,1.0,0.9454545454545454,0.07272727272727272,10,3,5,4,0,1
django,D:\coverage_ml\repos\django\django\db\migrations\serializer.py,7,250,246,0.984,33,33,1.0,0.984,0.132,38,32,21,25,8,0
django,D:\coverage_ml\repos\django\django\db\migrations\state.py,7,591,580,0.9813874788494078,131,131,1.0,0.9813874788494078,0.22165820642978004,61,4,22,89,42,10
django,D:\coverage_ml\repos\django\django\db\migrations\utils.py,7,55,53,0.9636363636363636,15,15,1.0,0.9636363636363636,0.2727272727272727,7,1,4,13,2,0
django,D:\coverage_ml\repos\django\django\db\migrations\writer.py,7,188,182,0.9680851063829787,30,29,0.9666666666666667,0.9680851063829787,0.1595744680851064,15,2,12,18,12,4
django,D:\coverage_ml\repos\django\django\db\migrations\operations\__init__.py,8,4,4,1.0,0,0,0.0,1.0,0.0,0,0,3,0,0,0
django,D:\coverage_ml\repos\django\django\db\migrations\operations\base.py,8,58,53,0.9137931034482759,4,4,1.0,0.9137931034482759,0.06896551724137931,14,2,3,4,0,0
django,D:\coverage_ml\repos\django\django\db\migrations\operations\fields.py,8,182,180,0.989010989010989,29,29,1.0,0.989010989010989,0.15934065934065933,42,5,6,29,0,0
django,D:\coverage_ml\repos\django\django\db\migrations\operations\models.py,8,589,573,0.9728353140916808,88,87,0.9886363636363636,0.9728353140916808,0.1494057724957555,131,20,9,79,9,0
django,D:\coverage_ml\repos\django\django\db\migrations\operations\special.py,8,127,125,0.984251968503937,28,28,1.0,0.984251968503937,0.2204724409448819,22,3,2,21,7,0
django,D:\coverage_ml\repos\django\django\db\models\__init__.py,7,28,28,1.0,0,0,0.0,1.0,0.0,0,0,26,0,0,0
django,D:\coverage_ml\repos\django\django\db\models\aggregates.py,7,226,194,0.8584070796460177,29,27,0.9310344827586207,0.8584070796460177,0.12831858407079647,26,13,6,27,2,2
django,D:\coverage_ml\repos\django\django\db\models\base.py,7,1190,1148,0.9647058823529412,345,333,0.9652173913043478,0.9647058823529412,0.28991596638655465,80,6,31,260,85,16
django,D:\coverage_ml\repos\django\django\db\models\constants.py,7,5,5,1.0,0,0,0.0,1.0,0.0,0,1,1,0,0,0
django,D:\coverage_ml\repos\django\django\db\models\constraints.py,7,313,304,0.9712460063897763,73,73,1.0,0.9712460063897763,0.23322683706070288,35,4,14,66,7,1
django,D:\coverage_ml\repos\django\django\db\models\deletion.py,7,258,254,0.9844961240310077,69,69,1.0,0.9844961240310077,0.26744186046511625,30,4,6,44,25,1
django,D:\coverage_ml\repos\django\django\db\models\enums.py,7,47,47,1.0,3,3,1.0,1.0,0.06382978723404255,8,4,4,1,2,0
django,D:\coverage_ml\repos\django\django\db\models\expressions.py,7,1185,1145,0.9662447257383966,154,150,0.974025974025974,0.9662447257383966,0.12995780590717299,236,34,19,134,20,12
django,D:\coverage_ml\repos\django\django\db\models\fetch_modes.py,7,33,32,0.9696969696969697,1,1,1.0,0.9696969696969697,0.030303030303030304,7,4,1,1,0,0
django,D:\coverage_ml\repos\django\django\db\models\indexes.py,7,163,156,0.9570552147239264,38,38,1.0,0.9570552147239264,0.2331288343558282,15,2,8,35,3,0
django,D:\coverage_ml\repos\django\django\db\models\lookups.py,7,479,441,0.9206680584551148,68,64,0.9411764705882353,0.9206680584551148,0.1419624217118998,58,45,14,62,6,1
django,D:\coverage_ml\repos\django\django\db\models\manager.py,7,101,100,0.9900990099009901,9,9,1.0,0.9900990099009901,0.0891089108910891,22,4,6,8,1,0
django,D:\coverage_ml\repos\django\django\db\models\options.py,7,490,475,0.9693877551020408,94,94,1.0,0.9693877551020408,0.19183673469387755,53,1,18,68,26,12
django,D:\coverage_ml\repos\django\django\db\models\query.py,7,1442,1420,0.984743411927878,293,292,0.9965870307167235,0.984743411927878,0.2031900138696255,142,13,25,232,60,14
django,D:\coverage_ml\repos\django\django\db\models\query_utils.py,7,305,302,0.9901639344262295,59,59,1.0,0.9901639344262295,0.19344262295081968,44,5,18,50,9,1
django,D:\coverage_ml\repos\django\django\db\models\signals.py,7,25,25,1.0,1,1,1.0,1.0,0.04,3,1,4,1,0,0
django,D:\coverage_ml\repos\django\django\db\models\utils.py,7,34,33,0.9705882352941176,8,8,1.0,0.9705882352941176,0.23529411764705882,6,1,2,5,3,1
django,D:\coverage_ml\repos\django\django\db\models\fields\__init__.py,8,1380,1330,0.9637681159420289,233,233,1.0,0.9637681159420289,0.16884057971014493,242,35,33,218,15,21
django,D:\coverage_ml\repos\django\django\db\models\fields\composite.py,8,114,114,1.0,20,20,1.0,1.0,0.17543859649122806,20,3,6,16,4,0
django,D:\coverage_ml\repos\django\django\db\models\fields\files.py,8,250,212,0.848,39,31,0.7948717948717948,0.848,0.156,42,6,16,39,0,1
django,D:\coverage_ml\repos\django\django\db\models\fields\generated.py,8,112,104,0.9285714285714286,22,22,1.0,0.9285714285714286,0.19642857142857142,14,1,6,18,4,0
django,D:\coverage_ml\repos\django\django\db\models\fields\json.py,8,452,343,0.7588495575221239,64,50,0.78125,0.7588495575221239,0.1415929203539823,56,34,14,54,10,3
django,D:\coverage_ml\repos\django\django\db\models\fields\mixins.py,8,30,30,1.0,2,2,1.0,1.0,0.06666666666666667,7,2,2,2,0,1
django,D:\coverage_ml\repos\django\django\db\models\fields\proxy.py,8,6,6,1.0,0,0,0.0,1.0,0.0,1,1,1,0,0,0
django,D:\coverage_ml\repos\django\django\db\models\fields\related.py,8,827,804,0.9721886336154776,166,163,0.9819277108433735,0.9721886336154776,0.2007255139056832,112,5,26,150,16,6
django,D:\coverage_ml\repos\django\django\db\models\fields\related_descriptors.py,8,691,688,0.9956584659913169,106,106,1.0,0.9956584659913169,0.15340086830680175,81,8,13,84,22,8
django,D:\coverage_ml\repos\django\django\db\models\fields\related_lookups.py,8,77,76,0.987012987012987,17,17,1.0,0.987012987012987,0.22077922077922077,5,8,6,15,2,1
django,D:\coverage_ml\repos\django\django\db\models\fields\reverse_related.py,8,159,153,0.9622641509433962,14,14,1.0,0.9622641509433962,0.0880503144654088,38,4,5,13,1,0
django,D:\coverage_ml\repos\django\django\db\models\fields\tuple_lookups.py,8,243,238,0.9794238683127572,35,35,1.0,0.9794238683127572,0.1440329218106996,26,9,7,29,6,0
django,D:\coverage_ml\repos\django\django\db\models\functions\__init__.py,8,8,8,1.0,0,0,0.0,1.0,0.0,0,0,7,0,0,0
django,D:\coverage_ml\repos\django\django\db\models\functions\comparison.py,8,93,72,0.7741935483870968,13,8,0.6153846153846154,0.7741935483870968,0.13978494623655913,16,6,2,12,1,0
django,D:\coverage_ml\repos\django\django\db\models\functions\datetime.py,8,201,190,0.945273631840796,30,28,0.9333333333333333,0.945273631840796,0.14925373134328357,15,26,6,30,0,0
django,D:\coverage_ml\repos\django\django\db\models\functions\json.py,8,48,29,0.6041666666666666,5,3,0.6,0.6041666666666666,0.10416666666666667,10,2,5,4,1,0
django,D:\coverage_ml\repos\django\django\db\models\functions\math.py,8,116,103,0.8879310344827587,3,3,1.0,0.8879310344827587,0.02586206896551724,14,23,6,3,0,0
django,D:\coverage_ml\repos\django\django\db\models\functions\mixins.py,8,30,16,0.5333333333333333,4,2,0.5,0.5333333333333333,0.13333333333333333,4,3,4,4,0,0
django,D:\coverage_ml\repos\django\django\db\models\functions\text.py,8,173,151,0.8728323699421965,9,9,1.0,0.8728323699421965,0.05202312138728324,30,28,5,9,0,0
django,D:\coverage_ml\repos\django\django\db\models\functions\uuid.py,8,57,29,0.5087719298245614,13,3,0.23076923076923078,0.5087719298245614,0.22807017543859648,10,2,3,13,0,0
django,D:\coverage_ml\repos\django\django\db\models\functions\window.py,8,69,69,1.0,6,6,1.0,1.0,0.08695652173913043,5,12,2,6,0,0
django,D:\coverage_ml\repos\django\django\db\models\sql\__init__.py,8,5,5,1.0,0,0,0.0,1.0,0.0,0,0,4,0,0,0
django,D:\coverage_ml\repos\django\django\db\models\sql\compiler.py,8,1123,998,0.8886910062333037,277,246,0.8880866425992779,0.8886910062333037,0.2466607301869991,60,6,20,214,63,14
django,D:\coverage_ml\repos\django\django\db\models\sql\constants.py,8,9,9,1.0,0,0,0.0,1.0,0.0,0,0,0,0,0,0
django,D:\coverage_ml\repos\django\django\db\models\sql\datastructures.py,8,95,91,0.9578947368421052,7,7,1.0,0.9578947368421052,0.07368421052631578,15,4,2,6,1,1
django,D:\coverage_ml\repos\django\django\db\models\sql\query.py,8,1401,1371,0.9785867237687366,342,341,0.9970760233918129,0.9785867237687366,0.24411134903640258,115,3,26,279,63,6
django,D:\coverage_ml\repos\django\django\db\models\sql\subqueries.py,8,89,88,0.9887640449438202,12,12,1.0,0.9887640449438202,0.1348314606741573,13,4,3,7,5,0
django,D:\coverage_ml\repos\django\django\db\models\sql\where.py,8,204,197,0.9656862745098039,45,45,1.0,0.9656862745098039,0.22058823529411764,27,3,9,36,9,1
django,D:\coverage_ml\repos\django\django\dispatch\__init__.py,6,1,1,1.0,0,0,0.0,1.0,0.0,0,0,1,0,0,0
django,D:\coverage_ml\repos\django\django\dispatch\dispatcher.py,6,227,215,0.947136563876652,44,43,0.9772727272727273,0.947136563876652,0.19383259911894274,16,1,8,34,10,7
django,D:\coverage_ml\repos\django\django\forms\__init__.py,6,7,7,1.0,0,0,0.0,1.0,0.0,0,0,7,0,0,0
django,D:\coverage_ml\repos\django\django\forms\boundfield.py,6,188,187,0.9946808510638298,31,31,1.0,0.9946808510638298,0.16489361702127658,33,2,7,30,1,1
django,D:\coverage_ml\repos\django\django\forms\fields.py,6,774,752,0.9715762273901809,154,150,0.974025974025974,0.9715762273901809,0.19896640826873385,96,32,25,138,16,19
django,D:\coverage_ml\repos\django\django\forms\forms.py,6,198,198,1.0,36,36,1.0,1.0,0.18181818181818182,29,3,10,27,9,4
django,D:\coverage_ml\repos\django\django\forms\formsets.py,6,255,253,0.9921568627450981,43,43,1.0,0.9921568627450981,0.16862745098039217,39,2,9,39,4,2
django,D:\coverage_ml\repos\django\django\forms\models.py,6,730,719,0.9849315068493151,172,171,0.9941860465116279,0.9849315068493151,0.2356164383561644,77,11,19,148,24,11
django,D:\coverage_ml\repos\django\django\forms\renderers.py,6,37,35,0.9459459459459459,0,0,0.0,0.9459459459459459,0.0,7,5,8,0,0,0
django,D:\coverage_ml\repos\django\django\forms\utils.py,6,128,128,1.0,12,12,1.0,1.0,0.09375,31,6,9,10,2,1
django,D:\coverage_ml\repos\django\django\forms\widgets.py,6,688,681,0.9898255813953488,85,85,1.0,0.9898255813953488,0.12354651162790697,106,35,17,67,18,10
django,D:\coverage_ml\repos\django\django\http\__init__.py,6,4,4,1.0,0,0,0.0,1.0,0.0,0,0,3,0,0,0
django,D:\coverage_ml\repos\django\django\http\cookie.py,6,12,12,1.0,3,3,1.0,1.0,0.25,1,0,1,2,1,0
django,D:\coverage_ml\repos\django\django\http\multipartparser.py,6,370,356,0.9621621621621622,62,62,1.0,0.9621621621621622,0.16756756756756758,29,8,12,47,16,15
django,D:\coverage_ml\repos\django\django\http\request.py,6,423,409,0.966903073286052,60,59,0.9833333333333333,0.966903073286052,0.14184397163120568,72,6,16,52,8,11
django,D:\coverage_ml\repos\django\django\http\response.py,6,391,387,0.989769820971867,58,57,0.9827586206896551,0.989769820971867,0.1483375959079284,63,18,24,51,4,7
django,D:\coverage_ml\repos\django\django\middleware\__init__.py,6,0,0,0.0,0,0,0.0,0.0,0.0,0,0,0,0,0,0
django,D:\coverage_ml\repos\django\django\middleware\cache.py,6,91,87,0.9560439560439561,17,16,0.9411764705882353,0.9560439560439561,0.18681318681318682,8,3,6,17,0,2
django,D:\coverage_ml\repos\django\django\middleware\clickjacking.py,6,12,12,1.0,2,2,1.0,1.0,0.16666666666666666,2,1,2,2,0,0
django,D:\coverage_ml\repos\django\django\middleware\common.py,6,68,67,0.9852941176470589,17,17,1.0,0.9852941176470589,0.25,7,2,9,16,1,0
django,D:\coverage_ml\repos\django\django\middleware\csp.py,6,19,19,1.0,4,4,1.0,1.0,0.21052631578947367,3,1,3,3,1,0
django,D:\coverage_ml\repos\django\django\middleware\csrf.py,6,226,226,1.0,33,33,1.0,1.0,0.14601769911504425,25,3,15,32,1,13
django,D:\coverage_ml\repos\django\django\middleware\gzip.py,6,31,30,0.967741935483871,7,7,1.0,0.967741935483871,0.22580645161290322,1,1,4,7,0,0
django,D:\coverage_ml\repos\django\django\middleware\http.py,6,18,18,1.0,3,3,1.0,1.0,0.16666666666666666,2,1,3,3,0,0
django,D:\coverage_ml\repos\django\django\middleware\locale.py,6,37,37,1.0,4,4,1.0,1.0,0.10810810810810811,2,1,7,4,0,0
django,D:\coverage_ml\repos\django\django\middleware\security.py,6,36,36,1.0,7,7,1.0,1.0,0.19444444444444445,3,1,4,7,0,0
django,D:\coverage_ml\repos\django\django\tasks\__init__.py,6,19,19,1.0,0,0,0.0,1.0,0.0,1,1,5,0,0,1
django,D:\coverage_ml\repos\django\django\tasks\base.py,6,136,136,1.0,14,14,1.0,1.0,0.10294117647058823,17,5,13,12,2,0
django,D:\coverage_ml\repos\django\django\tasks\checks.py,6,6,6,1.0,1,1,1.0,1.0,0.16666666666666666,1,0,2,0,1,0
django,D:\coverage_ml\repos\django\django\tasks\exceptions.py,6,6,6,1.0,0,0,0.0,1.0,0.0,0,5,1,0,0,0
django,D:\coverage_ml\repos\django\django\tasks\signals.py,6,25,25,1.0,1,1,1.0,1.0,0.04,4,0,7,1,0,0
django,D:\coverage_ml\repos\django\django\tasks\backends\__init__.py,7,0,0,0.0,0,0,0.0,0.0,0.0,0,0,0,0,0,0
django,D:\coverage_ml\repos\django\django\tasks\backends\base.py,7,47,47,1.0,8,8,1.0,1.0,0.1702127659574468,5,1,9,8,0,0
django,D:\coverage_ml\repos\django\django\tasks\backends\dummy.py,7,35,35,1.0,0,0,0.0,1.0,0.0,5,1,7,0,0,2
django,D:\coverage_ml\repos\django\django\tasks\backends\immediate.py,7,46,46,1.0,1,1,1.0,1.0,0.021739130434782608,3,1,8,1,0,1
django,D:\coverage_ml\repos\django\django\template\__init__.py,6,11,11,1.0,0,0,0.0,1.0,0.0,0,0,8,0,0,0
django,D:\coverage_ml\repos\django\django\template\autoreload.py,6,41,40,0.975609756097561,13,13,1.0,0.975609756097561,0.3170731707317073,4,0,7,6,7,0
django,D:\coverage_ml\repos\django\django\template\base.py,6,605,588,0.971900826446281,105,105,1.0,0.971900826446281,0.17355371900826447,68,15,17,86,19,19
django,D:\coverage_ml\repos\django\django\template\context.py,6,176,171,0.9715909090909091,24,24,1.0,0.9715909090909091,0.13636363636363635,33,6,2,18,6,5
django,D:\coverage_ml\repos\django\django\template\context_processors.py,6,33,28,0.8484848484848485,2,2,1.0,0.8484848484848485,0.06060606060606061,9,0,8,2,0,0
django,D:\coverage_ml\repos\django\django\template\defaultfilters.py,6,520,518,0.9961538461538462,46,46,1.0,0.9961538461538462,0.08846153846153847,65,0,24,40,7,38
django,D:\coverage_ml\repos\django\django\template\defaulttags.py,6,707,699,0.9886845827439887,107,106,0.9906542056074766,0.9886845827439887,0.15134370579915135,82,25,23,89,13,12
django,D:\coverage_ml\repos\django\django\template\engine.py,6,129,126,0.9767441860465116,23,23,1.0,0.9767441860465116,0.17829457364341086,14,1,10,18,5,4
django,D:\coverage_ml\repos\django\django\template\exceptions.py,6,12,12,1.0,2,2,1.0,1.0,0.16666666666666666,1,2,0,2,0,0
django,D:\coverage_ml\repos\django\django\template\library.py,6,226,221,0.9778761061946902,43,43,1.0,0.9778761061946902,0.1902654867256637,27,6,8,41,2,3
django,D:\coverage_ml\repos\django\django\template\loader.py,6,32,32,1.0,6,6,1.0,1.0,0.1875,4,0,2,3,3,2
django,D:\coverage_ml\repos\django\django\template\loader_tags.py,6,191,184,0.9633507853403142,34,34,1.0,0.9633507853403142,0.17801047120418848,22,4,5,31,3,3
django,D:\coverage_ml\repos\django\django\template\response.py,6,69,69,1.0,11,11,1.0,1.0,0.15942028985507245,12,3,2,9,2,0
django,D:\coverage_ml\repos\django\django\template\smartif.py,6,107,103,0.9626168224299065,7,7,1.0,0.9626168224299065,0.06542056074766354,22,6,0,4,3,3
django,D:\coverage_ml\repos\django\django\template\utils.py,6,55,50,0.9090909090909091,3,3,1.0,0.9090909090909091,0.05454545454545454,6,2,8,2,1,3
django,D:\coverage_ml\repos\django\django\template\backends\__init__.py,7,0,0,0.0,0,0,0.0,0.0,0.0,0,0,0,0,0,0
django,D:\coverage_ml\repos\django\django\template\backends\base.py,7,33,28,0.8484848484848485,3,3,1.0,0.8484848484848485,0.09090909090909091,7,1,4,2,1,1
django,D:\coverage_ml\repos\django\django\template\backends\django.py,7,96,94,0.9791666666666666,11,11,1.0,0.9791666666666666,0.11458333333333333,15,2,11,5,6,4
django,D:\coverage_ml\repos\django\django\template\backends\dummy.py,7,35,34,0.9714285714285714,4,4,1.0,0.9714285714285714,0.11428571428571428,4,2,6,3,1,1
django,D:\coverage_ml\repos\django\django\template\backends\jinja2.py,7,79,0,0.0,7,0,0.0,0.0,0.08860759493670886,8,3,8,6,1,2
django,D:\coverage_ml\repos\django\django\template\backends\utils.py,7,8,8,1.0,0,0,0.0,1.0,0.0,1,0,4,0,0,0
django,D:\coverage_ml\repos\django\django\template\loaders\__init__.py,7,0,0,0.0,0,0,0.0,0.0,0.0,0,0,0,0,0,0
django,D:\coverage_ml\repos\django\django\template\loaders\app_directories.py,7,5,5,1.0,0,0,0.0,1.0,0.0,1,1,2,0,0,0
django,D:\coverage_ml\repos\django\django\template\loaders\base.py,7,21,20,0.9523809523809523,2,2,1.0,0.9523809523809523,0.09523809523809523,4,1,1,1,1,1
django,D:\coverage_ml\repos\django\django\template\loaders\cached.py,7,45,45,1.0,8,8,1.0,1.0,0.17777777777777778,8,1,4,6,2,1
django,D:\coverage_ml\repos\django\django\template\loaders\filesystem.py,7,23,23,1.0,1,1,1.0,1.0,0.043478260869565216,4,1,4,0,1,2
django,D:\coverage_ml\repos\django\django\template\loaders\locmem.py,7,13,13,1.0,0,0,0.0,1.0,0.0,3,1,2,0,0,1
django,D:\coverage_ml\repos\django\django\templatetags\__init__.py,6,0,0,0.0,0,0,0.0,0.0,0.0,0,0,0,0,0,0
django,D:\coverage_ml\repos\django\django\templatetags\cache.py,6,53,49,0.9245283018867925,5,5,1.0,0.9245283018867925,0.09433962264150944,3,1,3,5,0,5
django,D:\coverage_ml\repos\django\django\templatetags\i18n.py,6,291,286,0.9828178694158075,47,46,0.9787234042553191,0.9828178694158075,0.16151202749140894,32,8,7,42,5,5
django,D:\coverage_ml\repos\django\django\templatetags\l10n.py,6,33,31,0.9393939393939394,2,2,1.0,0.9393939393939394,0.06060606060606061,6,1,2,2,0,0
django,D:\coverage_ml\repos\django\django\templatetags\static.py,6,84,79,0.9404761904761905,10,10,1.0,0.9404761904761905,0.11904761904761904,15,2,7,10,0,1
django,D:\coverage_ml\repos\django\django\templatetags\tz.py,6,85,81,0.9529411764705882,8,8,1.0,0.9529411764705882,0.09411764705882353,12,4,4,8,0,2
django,D:\coverage_ml\repos\django\django\test\__init__.py,6,4,4,1.0,0,0,0.0,1.0,0.0,0,0,3,0,0,0
django,D:\coverage_ml\repos\django\django\test\client.py,6,620,610,0.9838709677419355,91,91,1.0,0.9838709677419355,0.14677419354838708,59,9,34,85,5,4
django,D:\coverage_ml\repos\django\django\test\html.py,6,163,160,0.9815950920245399,41,41,1.0,0.9815950920245399,0.25153374233128833,25,4,4,36,5,0
django,D:\coverage_ml\repos\django\django\test\runner.py,6,643,594,0.9237947122861586,80,77,0.9625,0.9237947122861586,0.12441679626749612,82,9,33,71,12,14
django,D:\coverage_ml\repos\django\django\test\selenium.py,6,184,76,0.41304347826086957,20,4,0.2,0.41304347826086957,0.10869565217391304,27,3,12,14,4,4
django,D:\coverage_ml\repos\django\django\test\signals.py,6,152,148,0.9736842105263158,21,20,0.9523809523809523,0.9736842105263158,0.13815789473684212,16,0,37,20,1,5
django,D:\coverage_ml\repos\django\django\test\testcases.py,6,877,854,0.9737742303306728,148,145,0.9797297297297297,0.9737742303306728,0.16875712656784492,120,17,43,120,29,20
django,D:\coverage_ml\repos\django\django\test\utils.py,6,525,509,0.9695238095238096,82,82,1.0,0.9695238095238096,0.15619047619047619,80,14,32,54,28,12
django,D:\coverage_ml\repos\django\django\urls\__init__.py,6,7,7,1.0,0,0,0.0,1.0,0.0,0,0,6,0,0,0
django,D:\coverage_ml\repos\django\django\urls\base.py,6,106,106,1.0,17,17,1.0,1.0,0.16037735849056603,10,0,8,16,1,6
django,D:\coverage_ml\repos\django\django\urls\conf.py,6,44,44,1.0,11,11,1.0,1.0,0.25,2,0,5,10,1,1
django,D:\coverage_ml\repos\django\django\urls\converters.py,6,36,36,1.0,1,1,1.0,1.0,0.027777777777777776,8,5,3,1,0,0
django,D:\coverage_ml\repos\django\django\urls\exceptions.py,6,5,5,1.0,0,0,0.0,1.0,0.0,0,2,1,0,0,0
django,D:\coverage_ml\repos\django\django\urls\resolvers.py,6,467,466,0.9978586723768736,82,82,1.0,0.9978586723768736,0.17558886509635974,53,9,22,68,14,7
django,D:\coverage_ml\repos\django\django\urls\utils.py,6,33,33,1.0,5,5,1.0,1.0,0.15151515151515152,2,0,4,5,0,3
django,D:\coverage_ml\repos\django\django\utils\__init__.py,6,0,0,0.0,0,0,0.0,0.0,0.0,0,0,0,0,0,0
django,D:\coverage_ml\repos\django\django\utils\_os.py,6,28,27,0.9642857142857143,3,3,1.0,0.9642857142857143,0.10714285714285714,3,0,5,3,0,1
django,D:\coverage_ml\repos\django\django\utils\archive.py,6,137,122,0.8905109489051095,22,22,1.0,0.8905109489051095,0.16058394160583941,22,6,6,19,3,3
django,D:\coverage_ml\repos\django\django\utils\asyncio.py,6,21,20,0.9523809523809523,2,2,1.0,0.9523809523809523,0.09523809523809523,3,0,4,2,0,1
django,D:\coverage_ml\repos\django\django\utils\cache.py,6,194,191,0.9845360824742269,49,49,1.0,0.9845360824742269,0.25257731958762886,22,0,11,43,6,1
django,D:\coverage_ml\repos\django\django\utils\choices.py,6,60,59,0.9833333333333333,12,12,1.0,0.9833333333333333,0.2,9,3,4,4,1,2
django,D:\coverage_ml\repos\django\django\utils\connection.py,6,56,55,0.9821428571428571,3,3,1.0,0.9821428571428571,0.05357142857142857,16,3,3,2,1,1
django,D:\coverage_ml\repos\django\django\utils\copy.py,6,9,3,0.3333333333333333,2,1,0.5,0.3333333333333333,0.2222222222222222,1,0,2,2,0,0
django,D:\coverage_ml\repos\django\django\utils\crypto.py,6,30,30,1.0,2,2,1.0,1.0,0.06666666666666667,4,1,5,2,0,1
django,D:\coverage_ml\repos\django\django\utils\csp.py,6,42,42,1.0,8,8,1.0,1.0,0.19047619047619047,4,2,3,7,1,0
django,D:\coverage_ml\repos\django\django\utils\datastructures.py,6,184,184,1.0,22,22,1.0,1.0,0.11956521739130435,45,7,2,14,8,5
django,D:\coverage_ml\repos\django\django\utils\dateformat.py,6,163,160,0.9815950920245399,24,24,1.0,0.9815950920245399,0.147239263803681,43,3,7,23,1,1
django,D:\coverage_ml\repos\django\django\utils\dateparse.py,6,55,54,0.9818181818181818,9,9,1.0,0.9818181818181818,0.16363636363636364,4,0,3,9,0,3
django,D:\coverage_ml\repos\django\django\utils\dates.py,6,8,8,1.0,0,0,0.0,1.0,0.0,0,0,2,0,0,0
django,D:\coverage_ml\repos\django\django\utils\deconstruct.py,6,23,23,1.0,3,3,1.0,1.0,0.13043478260869565,4,0,2,3,0,0
django,D:\coverage_ml\repos\django\django\utils\decorators.py,6,117,107,0.9145299145299145,24,21,0.875,0.9145299145299145,0.20512820512820512,20,1,2,22,2,2
django,D:\coverage_ml\repos\django\django\utils\deprecation.py,6,133,133,1.0,23,23,1.0,1.0,0.17293233082706766,12,5,7,21,2,1
django,D:\coverage_ml\repos\django\django\utils\duration.py,6,28,28,1.0,3,3,1.0,1.0,0.10714285714285714,4,0,1,3,0,0
django,D:\coverage_ml\repos\django\django\utils\encoding.py,6,98,98,1.0,16,16,1.0,1.0,0.16326530612244897,13,1,7,15,2,3
django,D:\coverage_ml\repos\django\django\utils\feedgenerator.py,6,240,232,0.9666666666666667,49,49,1.0,0.9666666666666667,0.20416666666666666,37,7,8,39,10,0
django,D:\coverage_ml\repos\django\django\utils\formats.py,6,140,137,0.9785714285714285,40,40,1.0,0.9785714285714285,0.2857142857142857,11,0,10,34,6,2
django,D:\coverage_ml\repos\django\django\utils\functional.py,6,215,199,0.9255813953488372,30,27,0.9,0.9255813953488372,0.13953488372093023,52,6,4,26,4,0
django,D:\coverage_ml\repos\django\django\utils\hashable.py,6,11,11,1.0,2,2,1.0,1.0,0.18181818181818182,1,0,1,2,0,1
django,D:\coverage_ml\repos\django\django\utils\html.py,6,251,250,0.9960159362549801,36,36,1.0,0.9960159362549801,0.14342629482071714,30,3,19,31,5,2
django,D:\coverage_ml\repos\django\django\utils\http.py,6,201,201,1.0,42,42,1.0,1.0,0.208955223880597,17,0,11,35,7,6
django,D:\coverage_ml\repos\django\django\utils\inspect.py,6,67,57,0.8507462686567164,11,11,1.0,0.8507462686567164,0.16417910447761194,10,0,6,10,1,1
django,D:\coverage_ml\repos\django\django\utils\ipv6.py,6,26,26,1.0,4,4,1.0,1.0,0.15384615384615385,3,0,3,4,0,2
django,D:\coverage_ml\repos\django\django\utils\json.py,6,16,16,1.0,4,4,1.0,1.0,0.25,1,0,1,0,0,1
django,D:\coverage_ml\repos\django\django\utils\log.py,6,105,105,1.0,18,18,1.0,1.0,0.17142857142857143,15,5,8,18,0,1
django,D:\coverage_ml\repos\django\django\utils\lorem_ipsum.py,6,28,28,1.0,4,4,1.0,1.0,0.14285714285714285,4,0,1,2,2,0
django,D:\coverage_ml\repos\django\django\utils\module_loading.py,6,51,50,0.9803921568627451,8,8,1.0,0.9803921568627451,0.1568627450980392,5,0,6,6,2,5
django,D:\coverage_ml\repos\django\django\utils\numberformat.py,6,60,60,1.0,17,17,1.0,1.0,0.2833333333333333,1,0,3,16,1,1
django,D:\coverage_ml\repos\django\django\utils\regex_helper.py,6,194,187,0.9639175257731959,57,57,1.0,0.9639175257731959,0.29381443298969073,8,3,2,45,13,4
django,D:\coverage_ml\repos\django\django\utils\safestring.py,6,30,30,1.0,4,4,1.0,1.0,0.13333333333333333,6,2,2,4,0,0
django,D:\coverage_ml\repos\django\django\utils\termcolors.py,6,56,56,1.0,16,16,1.0,1.0,0.2857142857142857,3,0,0,13,3,0
django,D:\coverage_ml\repos\django\django\utils\text.py,6,244,241,0.9877049180327869,36,36,1.0,0.9877049180327869,0.14754098360655737,32,6,17,30,5,2
django,D:\coverage_ml\repos\django\django\utils\timesince.py,6,63,63,1.0,16,16,1.0,1.0,0.25396825396825395,2,0,4,13,3,0
django,D:\coverage_ml\repos\django\django\utils\timezone.py,6,80,80,1.0,13,13,1.0,1.0,0.1625,20,1,6,13,0,0
django,D:\coverage_ml\repos\django\django\utils\tree.py,6,50,50,1.0,2,2,1.0,1.0,0.04,13,1,2,2,0,0
django,D:\coverage_ml\repos\django\django\utils\version.py,6,66,63,0.9545454545454546,8,8,1.0,0.9545454545454546,0.12121212121212122,6,0,7,7,1,2
django,D:\coverage_ml\repos\django\django\utils\xmlutils.py,6,19,19,1.0,3,3,1.0,1.0,0.15789473684210525,3,2,2,3,0,0
django,D:\coverage_ml\repos\django\django\utils\translation\__init__.py,7,144,141,0.9791666666666666,12,12,1.0,0.9791666666666666,0.08333333333333333,33,4,11,12,0,4
django,D:\coverage_ml\repos\django\django\utils\translation\reloader.py,7,21,21,1.0,3,3,1.0,1.0,0.14285714285714285,2,0,7,2,1,0
django,D:\coverage_ml\repos\django\django\utils\translation\template.py,7,156,0,0.0,49,0,0.0,0.0,0.3141025641025641,3,0,5,39,10,0
django,D:\coverage_ml\repos\django\django\utils\translation\trans_null.py,7,32,26,0.8125,2,2,1.0,0.8125,0.0625,12,0,1,2,0,0
django,D:\coverage_ml\repos\django\django\utils\translation\trans_real.py,7,318,298,0.9371069182389937,65,63,0.9692307692307692,0.9371069182389937,0.20440251572327045,42,2,16,51,14,9
django,D:\coverage_ml\repos\django\django\views\__init__.py,6,2,2,1.0,0,0,0.0,1.0,0.0,0,0,1,0,0,0
django,D:\coverage_ml\repos\django\django\views\csrf.py,6,22,22,1.0,1,1,1.0,1.0,0.045454545454545456,2,0,7,1,0,1
django,D:\coverage_ml\repos\django\django\views\debug.py,6,363,358,0.9862258953168044,66,66,1.0,0.9862258953168044,0.18181818181818182,31,4,22,51,16,10
django,D:\coverage_ml\repos\django\django\views\defaults.py,6,56,56,1.0,5,5,1.0,1.0,0.08928571428571429,4,0,4,5,0,5
django,D:\coverage_ml\repos\django\django\views\i18n.py,6,109,108,0.9908256880733946,18,18,1.0,0.9908256880733946,0.1651376146788991,13,2,14,15,4,0
django,D:\coverage_ml\repos\django\django\views\static.py,6,58,57,0.9827586206896551,10,10,1.0,0.9827586206896551,0.1724137931034483,4,0,9,9,1,2
django,D:\coverage_ml\repos\django\django\views\decorators\__init__.py,7,0,0,0.0,0,0,0.0,0.0,0.0,0,0,0,0,0,0
django,D:\coverage_ml\repos\django\django\views\decorators\cache.py,7,38,38,1.0,3,3,1.0,1.0,0.07894736842105263,7,0,5,3,0,0
django,D:\coverage_ml\repos\django\django\views\decorators\clickjacking.py,7,39,39,1.0,7,7,1.0,1.0,0.1794871794871795,6,0,2,7,0,0
django,D:\coverage_ml\repos\django\django\views\decorators\common.py,7,10,10,1.0,1,1,1.0,1.0,0.1,2,0,2,1,0,0
django,D:\coverage_ml\repos\django\django\views\decorators\csp.py,7,24,24,1.0,2,2,1.0,1.0,0.08333333333333333,5,0,2,2,0,0
django,D:\coverage_ml\repos\django\django\views\decorators\csrf.py,7,31,31,1.0,1,1,1.0,1.0,0.03225806451612903,5,2,4,1,0,0
django,D:\coverage_ml\repos\django\django\views\decorators\debug.py,7,54,49,0.9074074074074074,11,11,1.0,0.9074074074074074,0.2037037037037037,6,0,4,10,1,1
django,D:\coverage_ml\repos\django\django\views\decorators\gzip.py,7,4,4,1.0,0,0,0.0,1.0,0.0,0,0,2,0,0,0
django,D:\coverage_ml\repos\django\django\views\decorators\http.py,7,76,76,1.0,12,12,1.0,1.0,0.15789473684210525,10,0,10,12,0,0
django,D:\coverage_ml\repos\django\django\views\decorators\vary.py,7,18,18,1.0,1,1,1.0,1.0,0.05555555555555555,3,0,3,1,0,0
django,D:\coverage_ml\repos\django\django\views\generic\__init__.py,7,8,8,1.0,0,0,0.0,1.0,0.0,0,1,5,0,0,0
django,D:\coverage_ml\repos\django\django\views\generic\base.py,7,139,139,1.0,20,20,1.0,1.0,0.14388489208633093,21,5,10,18,2,0
django,D:\coverage_ml\repos\django\django\views\generic\dates.py,7,333,329,0.987987987987988,30,30,1.0,0.987987987987988,0.09009009009009009,48,20,11,30,0,14
django,D:\coverage_ml\repos\django\django\views\generic\detail.py,7,79,79,1.0,15,15,1.0,1.0,0.189873417721519,7,4,5,15,0,2
django,D:\coverage_ml\repos\django\django\views\generic\edit.py,7,126,123,0.9761904761904762,14,14,1.0,0.9761904761904762,0.1111111111111111,25,12,6,14,0,1
django,D:\coverage_ml\repos\django\django\views\generic\list.py,7,99,99,1.0,15,15,1.0,1.0,0.15151515151515152,11,4,6,15,0,3
